Index,Entry Word,Part of Speech,Affix,Definition
1,ačavimasko,adv mod,,ruhig
2,ačhavol,v tr,,jmd. anhalten
3,ačhipe,n m,,1. Stille 2. Ruhe
4,ačhol,v itr,,"stehen, bleiben, stehen bleiben"
5,ačhol pe,v itr,,sich beruhigen
6,aďe,adv temp,,heute
7,adresa,n f,,Adresse
8,advokato,n m,,"Anwalt, Rechtsanwalt"
9,aerodrom,n m,,Flughafen
10,agor ,n m,,1. Ende 2. Gebiet
11,agor planinako,n phr m,,Berggipfel
12,agorengo,adj,,Kohlen-
13,agrusňi,n f,,(Finger-)Ring
14,ajkula,n f,,Hai
15,ajmforto,n m,,Terasse
16,akana,adv temp,,"jetzt, sofort"
17,akharipe,n m,,"Ruf, Einladung"
18,akharol,v tr,,1. rufen 2. einladen 3. nennen
19,akharol,v itr,,heißen
20,akhor,n m,,"Nuss, Walnuss"
21,akhoresko,adj m,,Nuss-
22,akhoresko kaš,n phr m,,Nussbaum
23,ako,conj,,wenn
24,aktivnost,n m,,Tätigkeit
25,akto,n m,,Akte
26,alav,n m,,1. Wort 2. Name 3. Stimme
27,albumo,n m,,Album
28,amajlija,n f,,Amulett
29,amal,n m,,1. Freund 2. Nachbar 3. Besucher
30,amaro,pron poss 1 sg m,,unser
31,ambari,n m,,Scheune
32,ambrol,n m,,Birne
33,ambrolako kaš,n phr m,,Birnbaum
34,amen,pron pers 1 pl,,wir
35,ande aďesutni vŕama,adv phr temp,,heutzutage
36,ande bari mera,adv phr mod,,zum größten Teil
37,ande durimaski vŕama,adv phr temp,,"lange her, vor langer Zeit"
38,ande jokharimaste,adv phr mod,,"auf einmal, plötzlich"
39,ande mardi,adv phr temp,,"am Dienstag, dienstags"
40,ande maskarthemutni vŕama,adv phr temp,,"währenddessen, unterdessen"
41,ande tatraďi,adv phr temp,,"mittwochs, am Mittwoch"
42,ande tomna,adv phr temp,,im Herbst
43,anďelo,n m,,Engel
44,anďeo,n m,,Engel
45,ando,prep,,"in (… hinein), innerhalb von an, zu"
46,ando,adv loc,,1. herein 2. hinein
47,ando ivend,adv phr temp,,im Winter
48,ando kurko,adv phr temp,,"Sonntags, am Sonntag"
49,ando lujo,adv phr temp,,"am Montag, montags"
50,ando milaj,adv phr temp,,im Sommer
51,ando mismeri,adv phr temp,,"zu Mittag, mittags"
52,ando paraštuj,adv phr temp,,"am Freitag, freitags"
53,ando proleče,adv phr temp,,im Frühling
54,ando savato ,adv phr temp,,"am Samstag, samstags"
55,ando žoj,adv phr temp,,"am Donnerstag, donnerstags"
56,andral,adv loc,,"drinnen, von drinnen"
57,andral,prep,,innerhalb von
58,angar,n m,,Kohle
59,anglaj ŕat,n phr,,Abend
60,anglal,prep,,"vor (lok.), bevor"
61,anglal,adv loc,,1. voraus 2. oben
62,anglav,adv loc,,1. von draußen 2. vorn
63,anglav čer,adv phr loc,,1. aus dem Haus 2. von zu Hause
64,anglav milaj,n phr,,Frühling
65,anglav mismeri,n phr,,Vormittag
66,angro,n m,,1. Ei 2. Hode
67,anol,v tr,,"1. bringen 2. beitragen, mitarbeiten"
68,aprili,n m,,April
69,araći,adv temp,,gestern
70,aresol,v itr,,"ankommen, erreichen"
71,aro,n m,,Mehl
72,asal,v itr,,"lachen, lächeln"
73,asape,n m,,1. Lachen 2. Lächeln
74,asavimasko,adj m,,spaßig
75,asavol,v tr,,spotten
76,astarol,v tr,,"einfangen, ergreifen, zugreifen"
77,ašundo,adj m,,lärmend
78,ašunipe,n m,,Klang
79,ašunol,v itr,,"zuhören, hören"
80,auto,n m,,Auto
81,autobuso,n m,,Bus
82,autoriteto,n m,,Behörde
83,aver,adj indef,,nächster
84,averarači,adv temp,,vorgestern
85,averčande,adv mod,,"anders, auf andere Weise"
86,averčando,adj m,,verschieden
87,averdata,adv temp,,ein andermal
88,averďes,adv temp,,am nächsten Tag
89,averthande,adv loc,,anderswo
90,averthara,adv temp,,übermorgen
91,avgusto,n m,,August
92,aviono,n m,,Flugzeug
93,avipe,n m,,1. Ankunft 2. Rückkehr
94,avlija,n f,,Hof
95,avol,v cop itr,,sein
96,avol,v itr,,1. kommen 2. werden (zu) 3. erscheinen
97,avol ando staňe,v phr itr,,können
98,avol hoľariko,v phr itr,,böse sein
99,avri,prep,,außerhalb von
100,avrľal,prep,,1. draußen vor 2. vor (zeitl.)
101,avrľal,adv loc,,"hinaus, draußen"
102,ažućaripe,n m,,Erwartung
103,ažučarno,adj m,,geduldig
104,ažućarol,v tr,,erwarten
105,ažućarol,v itr,,warten
106,ažutil,v tr,,helfen
107,badňo ďes,n phr m,,Heilige Drei Könige
108,bajer,n m,,"schöner Ort, schöner Platz"
109,bakhrano mas,n phr m,,Schaffleisch
110,bakhri,n f,,1. Schaf (w.) 2. Ziege (w.)
111,bakhro,n m,,1. Schaf 2. Widder 3. Ziegenbock 4. Zicklein
112,bakhroro,n m,,Lamm
113,bal,n m,,Kopfhaar
114,balano,adj m,,haarig
115,balari,n m,,Schweinehirt
116,balega,n f,,Pferdeäpfel
117,balengo mas,n phr m,,Schweinefleisch
118,bali,n f,,1. Sau 2. Schwein
119,balo,n m,,1. Eber 2. Schwein
120,balo po ražňo,n phr m,,Spanferkel
121,baloro,n m,,Ferkel
122,balval,n f,,1. Wind 2. Sturm
123,baňa,n f,,Badezimmer
124,banana,n f,,Banane
125,bandera,n f,,"Mast, Pfahl, Stange"
126,bango,adj m,,"verkrüppelt, lahm"
127,banka,n f,,Bank (Geldinstitut)
128,bar,n m,,"Stein, Felsen"
129,bar,n f,,Garten
130,baŕaripe,n m,,Erziehung
131,baŕarol,v tr,,1. entwickeln 2. aufziehen
132,bare bogiňe,n phr f,,Pocken
133,barem,adv mod,,wenigstens
134,baresko,adj m,,steinig
135,bari paraštuj,n phr f,,Karfreitag
136,barikanipe,n m,,1. Stolz 2. Hochmut
137,barikano,adj m,,wichtig
138,baripe,n m,,1. Entwicklung 2. Steigerung
139,baro,adj m,,"groß, großartig, riesig, groß (körperlich), hoch, lang, breit, ausgedehnt"
140,baŕol,v itr,,"wachsen, größer werden, steigen, ansteigen"
141,barvalipe,n m,,1. Vermögen 2. Reichtum 3. Besitz
142,barvalo,adj m,,"reich, vermögend"
143,barvaŕol pe,v itr,,reich werden
144,baš,adv mod,,sogar
145,bašalňi,n f,,Gewehr
146,bašavipe,n m,,Schuss
147,bašavol,v itr,,bellen
148,bašno,n m,,Hahn
149,baštovano,n m,,Gärtner
150,batako,n m,,Keule
151,bax,n f,,1. Glück 2. Freude 3. Fröhlichkeit
152,baxtalo,adj m,,"1. froh, glücklich 2. stolz"
153,baždaril,v tr,,verbinden
154,baziril,v itr,,basieren
155,beba,n f,,Baby
156,Bečo,n m,,Wien
157,beda,n f,,"Not, Elend"
158,beng,n m,,Teufel
159,bengalo,adj m,,teuflisch
160,benzino,n m,,Benzin
161,bešavňi,n f,,1. Sessel 2. Bank (zum Sitzen)
162,bešol,v itr,,"sitzen, sich hinsetzen"
163,bespomočno,adj,,hilflos
164,bibax,n f,,1. Unglück 2. Pech 3. Übel 4. Mitleid 5. Kummer 6. Schwierigkeiten 7. Ärger 8. Bedauern
165,bibaxtalo,adj m,,"traurig, armselig, unglücklich"
166,bibaxtarol,v tr,,traurig machen
167,biberi,n m,,1. Pfeffer 2. Paprika (Gewürz)
168,bibi,n f,,1. Tante (väterlicherseits) 2. Tante (mütterlicherseits) 3. Großmutter
169,bibućako,adj m,,arbeitslos
170,bičalol,v tr,,schicken
171,bičeresko,adj m,,heimatlos
172,bicikla,n f,,Fahrrad
173,bićinimasko,n m,,Verkäufer
174,bićinipe,n m,,Verkauf
175,bićinol,v tr,,verkaufen
176,bićivali,n f,,Verkäuferin
177,bićivalo,n m,,Verkäufer
178,bičo,n m,,Peitsche
179,bifulado,adj m,,zerlumpt
180,bijandimasko odmori,n phr,,Urlaub
181,bijandipe,n m,,1. Kindheit 2. Geburt
182,bijando ďes,n phr m,,Geburtstag
183,bijanol,v tr,,gebären
184,bijanol,v itr,,geboren werden
185,bilačho,adj m,,"schlecht, böse, rau, schädlich"
186,bilačipe,n m,,Frechheit
187,biladžavimasko,adj m,,schamlos
188,biľka,n f,,Pflanze
189,bilo kaj,adv phr indef,,wohin auch immer
190,bilo sao,pron indef,,"irgendwer, irgendeiner"
191,bilo so,pron indef,,irgendetwas
192,bimelalo,adj m,,sauber
193,bioskopo,n m,,Kino
194,bipindžardo,adj m,,"fremd, unbekannt"
195,bipindžardo,n m,,1. Fremder 2. Ausländer
196,bipindžaripe,n m,,Fremdheit
197,biromňengo čher,n phr f,,Bienenstock
198,biromňi,n f,,Biene
199,birto,n m,,"Café, Lokal, Kneipe"
200,biš,num card,,zwanzig
201,biš drom,num phr mult,,zwanzigmal
202,biseri,n m,,Perle
203,bistarol,v tr,,vergessen
204,bišto,num card,,zwanzigste
205,bitanga,n f,,"Schurke, Spitzbube, Landstreicher"
206,bizuralipe,n m,,Schwäche
207,blagoslovil,v tr,,segnen
208,bledo,adj,,"blass, bleich"
209,blisko,adj,,"nahe, nahegelegen"
210,blizanco,n m,,Zwilling
211,bloko,n m,,Block
212,bluza,n f,,Bluse
213,bogiňe,n f,,Syphilis
214,boja,n f,,Farbe
215,bojil,v tr,,färben
216,bojleri,n m,,Boiler
217,bokala,n f,,Krug
218,bokh,n f,,Hunger
219,bokoli,n f,,Kuchen
220,boldipe,n m,,1. Drehung 2. Bewegung
221,boldipe,n m,,Taufe
222,boldo,adj m,,getauft
223,boldol,v tr,,"1. drehen, wenden, umstürzen 2. zurückgeben"
224,boldol pe,v itr,,zurückkommen
225,bolnica,n f,,Krankenhaus
226,bolničari,n m,,Krankenpfleger
227,bolničarka,n f,,Krankenschwester
228,bombona,n f,,Bonbon
229,boranija,n f,,Fisole
230,borco,n m,,Soldat
231,bori,n f,,1. Schwiegertochter 2. Schwägerin 3. Braut
232,boro,n m,,Kiefer
233,bosanco,n m,,Bosnier
234,bov,n m,,Ofen
235,branipe,n m,,Schutz
236,braon,adj,,braun
237,brdo,n m,,Hügel
238,brego,n m,,Hügel
239,breza,n f,,Birke
240,briga,n f,,1. Sorge 2. Pflege
241,brijači,n m,,Rasiermesser
242,brijol,v tr,,jmd./etw. rasieren
243,brijol (pe),v itr,,sich rasieren
244,brinol,v tr,,aufpassen
245,brinol pe anda,v phr tr,,hüten
246,britva,n f,,Taschenmesser
247,brodo,n m,,Schiff
248,brojil,v tr,,zählen
249,brš,n m,,Jahr
250,bršeski vŕama,n phr f,,Jahreszeit
251,bršind,n m,,Regen
252,bršind dol,v phr itr,,es nieselt
253,bršindalo,adj m,,regnerisch
254,bruso,n m,,Schleifstein
255,bruxo,n m,,Bruch (med.)
256,buba,n f,,Käfer
257,bubreško,n m,,Niere
258,bubuľicano,adj m,,pustelig
259,bučarni,n f,,Arbeiterin
260,bučarno,n m,,Arbeiter
261,bučarno,adj m,,1. verlobt 2. beschäftigt 3. wertvoll
262,bućarno stažo,n phr,,Dienstalter
263,bući,n f,,"1. Arbeit 2. Geschäft, Arbeitsplatz, Anstellung"
264,buďil,v itr,,verschimmeln
265,budućnost,n m,,Zukunft
266,budžako,n m,,Ecke
267,bugari,n m,,Bulgare
268,buka,n f,,Lärm
269,buka,n f,,Wange
270,bukhalo,adj m,,hungrig
271,buko,n m,,Leber
272,bukva,n f,,Buche
273,bul,n f,,Hintern
274,buľarol,v tr,,erweitern
275,buňevka,n f,,Kroatin
276,bunil,v tr,,aufzeigen
277,bunipe,n m,,Verwirrung
278,bure,n m,,Fass
279,burno,adj,,"stürmisch, turbulent"
280,bušil,v tr,,bohren
281,but,adj indef,,"sehr, viel, viele"
282,but drom,adv phr temp,,"mehrmals, oft"
283,but gunoj,n phr m,,Misthaufen
284,but vŕama,adv phr temp,,seit langem
285,butina,n f,,Oberschenkel
286,buto,n m,,Oberschenkel
287,buvlo,adj m,,breit
288,buzni,n f,,Ziege
289,čače,adv mod,,wirklich
290,čačipe,n m,,1. Wahrheit 2. Wirklichkeit
291,čačuno,adj m,,"wahr, richtig, echt"
292,čajo,n m,,Tee
293,čalavol,v tr,,"schlagen, klopfen"
294,čamco,n m,,Boot
295,čang,n f,,Knie
296,čar,n f,,Gras
297,cara,n f,,Zelt
298,caraći hanavni,n phr f,,Zeltstange
299,carako platno,n phr f,,Zeltplane
300,čarapa,n f,,Socke
301,carica,n f,,Kaiserin
302,carinarnik,n m,,Zollbeamter
303,caro,n m,,Kaiser
304,čaro,n m,,Schüssel
305,čarobno,adj m,,magisch
306,čaŕol,v itr,,grasen
307,čaršavo,n m,,Tischtuch
308,carstvo,n m,,1. Reich 2. Königreich
309,časovničari,n m,,Uhrmacher
310,častil,v tr,,ehren
311,často,n m,,Ehre
312,čavka,n f,,Dohle
313,če,part fut,,Futurmarker
314,cedil,v tr,,"durchpressen, auspressen"
315,čejori,n f,,Mädchen
316,čelavo,adj,,ohne Kopfbedeckung
317,čen,n f,,Ohrring
318,čerain,n f,,Stern
319,čere,adv loc,,nach Hause
320,čergari,n m,,Čergar-Rom (Romagruppe)
321,ćerimata,n f,,"Zauberei, Hexerei"
322,ćeripe,n m,,1. Herstellung 2. Schaffung
323,ćerko,adj m,,"sauer, bitter"
324,ćermo,n m,,Wurm
325,ćerol,v tr,,"1. tun, machen 2. handeln, agieren 3. handhaben, erledigen 4. behandeln 5. aufbauen"
326,ćerol o utisko,v phr tr,,beeindrucken
327,ćerol pale,v tr,,erneuern
328,ćerol pe,v itr,,vortäuschen
329,ćerol pe voľa,v phr tr,,Freude machen
330,često,adv temp,,regelmäßig
331,četa,n f,,Militär
332,cev,n f,,Röhre
333,cevanica,n f,,Unterschenkel
334,čhadol,v itr,,"sich übergeben, kotzen"
335,čhavro,n m,,1. Bub (zig.) 2. Sohn (zig.) 3. Kind
336,čhelarno,n m,,Tänzer
337,čhelavni,n f,,Tänzerin
338,čhelavno,n m,,Tänzer
339,čhelipa,n f,,1. Spiel 2. Tanz
340,ćhelol,v itr,,"1. spielen, tanzen 2. unterhalten"
341,ćhelol pe,v itr,,spielen
342,ćher,n m,,Haus
343,čhib,n f,,1. Zunge 2. Sprache
344,čhidipe,n m,,1. Gesellschaft (von Menschen etc.) 2. Gemeinschaft
345,čhinavipe,n m,,"Einschnitt, Schnitt"
346,čhindo mas,n phr m,,"Hackfleisch, Gehacktes"
347,čhindol,v itr,,"reißen, aufreißen (itr.)"
348,čhindol,v tr,,"zerreißen, aufreißen, auftrennen, zerstören"
349,čhinipe,n m,,"Spaltung, Schnitt"
350,čhinol,v tr,,1. schneiden 2. sägen 3. kürzen 4. spalten 5. schälen
351,čhon,n m,,1. Monat 2. Mond
352,čhor,n f,,1. Bart 2. Zopf
353,čhori,n f,,1. Mädchen (zig.) 2. Tochter (zig.)
354,čhudol,v tr,,"1. werfen 2. misslingen, scheitern"
355,čhudol pe,v itr,,sich ausziehen
356,čhungar,n m,,Speichel
357,čhungarol,v itr,,spucken
358,čhuri,n f,,Messer
359,či,part neg,,"nein, nicht (beim Indikativ)"
360,či počinpe,adv phr mod,,"umsonst, gratis"
361,či…či,conj,,weder…noch
362,čićen,n m,,"Fett, Schmierfett, Schmalz"
363,ćićidol,v tr,,"quetschen, drücken"
364,čidićipe,n m,,Blindheit
365,ćidipe,n m,,1. Organisation 2. Sammlung 3. Gesellschaft (Firma etc.)
366,ćidol,v tr,,"sammeln, einsammeln"
367,ćidol pe,v itr,,"kürzer werden, schrumpfen"
368,čidžanglipe,n m,,Unwissen
369,čifutkiňa,n f,,Jüdin
370,čifuto,n m,,Jude
371,cigla,n f,,Ziegel
372,ćija,n f,,Schlüssel
373,čikarol,v itr,,sich wälzen
374,čikarol pe,v itr,,"schmutzig werden, sich schmutzig machen"
375,čikat,n m,,Stirn
376,čikh,n f,,"Schlamm, Schmutz"
377,cikňarol,v tr,,"vermindern, geringer machen, herabsetzen, reduzieren"
378,ciknida,n f,,(Brenn-)Nessel
379,cikňol,v itr,,kleiner werden
380,ciľil,v tr,,bezwecken
381,ćilimo,n m,,Teppich
382,ciľo,n m,,Ziel
383,cincari,n m,,Mücke
384,ćinďol ,v tr,,nass machen
385,ćinďol pe,v itr,,nass werden
386,čiňenica,n f,,Tatsache
387,ćingo,adj m,,"feucht, nass"
388,činija,n f,,Schüssel
389,ćinipe,n m,,Kauf
390,ćinol,v tr,,"einkaufen, kaufen, erwerben"
391,činovniko,n m,,"Büroangestellter, Sekretär"
392,cipeľi,n f,,Schuh
393,cipňa,n f,,Geld
394,ćir,n f,,Ameise
395,čirado,adj m,,gekocht
396,ćiral,n m,,Käse
397,ćiravol,v tr,,"rösten, kochen (tr.), sieden (tr.)"
398,čirikľi,n f,,Vogel
399,cirkuso,n m,,Zirkus
400,čiro,pron poss 2 sg m,,dein
401,čirol,v itr,,"kochen (itr.), sieden (itr.)"
402,ćirvi,n f,,Patin
403,ćirvo,n m,,Pate
404,čisto,adj,,rein
405,čitarno,n m,,Leser
406,čitol,v tr,,lesen
407,civilno,adj,,bürgerlich
408,ckne bogiňe,n phr f,,Masern
409,cknipe,n m,,Minderheit
410,ckno,adj m,,"klein, niedrig"
411,ckno,adj indef,,"ein wenig, etwas, weniger, geringer"
412,čoban,n m,,Hirte
413,čobanino,n m,,Schafhirt
414,čokano,n m,,Hammer
415,cokna,n f,,Gamasche
416,čonesko,adv temp,,monatlich
417,čonesko,adj m,,monatlich
418,čoŕal,adv mod,,"heimlich, im geheimen"
419,čoŕalo,adj m,,bärtig
420,čoŕarol ,v tr,,arm machen
421,čoŕarol pe,v itr,,"verarmen, arm werden"
422,čoravipe,n m,,Diebstahl
423,čordano,adj m,,gestohlen
424,čordano,n m,,Dieb
425,čoripe,n m,,1. Armut 2. Elend
426,čoro,n m,,Bettler
427,čoro,adj m,,arm
428,čoro šimijako,n phr m,,Fledermaus
429,čorol,v tr,,stehlen
430,coxa,n f,,Rock (Damenbekleidung)
431,cra,adj indef,,"ein bisschen, ein wenig, wenig, einige"
432,crdol,v tr,,ziehen
433,crtežo,n m,,Zeichnung
434,crtol,v tr,,malen
435,čuča,n pl,,Brust(korb)
436,čuči,n f,,"1. Brust 2. weibl. Brust, Busen"
437,čudesno,adj,,wunderbar
438,čudil pe,v itr,,"sich wundern, überrascht sein"
439,čudno,adj,,seltsam
440,čudo,n m,,Wunder
441,cukeri,n m,,Zucker
442,čumidimasko,adv mod,,neugierig
443,čumidipe,n m,,Kuss
444,čumidol,v tr,,küssen
445,cunčano,adj,,sonnig
446,ćurka,n f,,"Gans, Truthahnhenne"
447,čuvari,n m,,Wache
448,cvetol,v itr,,"gedeihen, blühen"
449,čvorko,n m,,Star
450,cvrčko,n m,,Grille
451,dab,n m,,Schlag
452,dab pungreja,n phr f,,Tritt
453,dad,n m,,1. Vater 2. Stiefvater
454,dalmatinka,n f,,Dalmatinerin
455,dand,n m,,Zahn
456,dand majbaro,n phr m,,Backenzahn
457,dandarno,n m,,Zahnarzt
458,dandarol,v tr,,beißen
459,dandoro,n m,,Schneidezahn
460,danfer,n m,,Laterne
461,dar,n m,,Furcht
462,daral,v itr,,"sich schrecken, sich fürchten"
463,darano,adj m,,"verängstigt, ängstlich, erschrocken"
464,daravipe,n m,,Gefahr
465,daravol,v tr,,erschrecken
466,daro,n m,,Geschenk
467,das,n m,,Serbe
468,daska,n f,,Brett
469,daxo,n m,,Atem
470,De devleski,n phr f,,Mutter Gottes
471,ďe thaj ŕat,n phr f,,Stiefmütterchen
472,decembro,n m,,Dezember
473,dej,n f,,1. Mutter 2. Stiefmutter
474,dej e devleski,n phr,,Mutter Gottes
475,deka,n f,,Decke
476,delfino,n m,,Delphin
477,delil,v tr,,"teilen, trennen, etw. mit jmd. teilen"
478,delimično,adv mod,,teilweise
479,delinsko dikhlo,n phr m,,Taschentuch
480,delipa,n m,,Teilung
481,delo,n m,,Handlung
482,demokratikano,adj m,,demokratisch
483,des,n,,Eingang
484,deš,num card,,zehn
485,ďes,n m,,Tag
486,ďes bućako,n phr m,,Tag der Arbeit
487,deš drom,num phr mult,,zehnmal
488,ďes katar e mule,n phr m,,Allerseelen
489,ďeseja,adv temp,,bei Tag
490,desjuiňa,num card,,neunzehn
491,ďeski svetlost,n phr f,,Tageslicht
492,desno,adj,,rechte
493,desno,adv loc,,rechts
494,dešto,num ord,,zehnte
495,dešuduj,num card,,zwölf
496,dešuduj crdine,n phr,,Mitternacht
497,dešuefta,num card,,siebzehn
498,dešuiňa,num card,,neunzehn
499,dešujekh,num card,,elf
500,dešuoxto,num card,,achtzehn
501,dešupandž,num card,,fünfzehn
502,dešušov,num card,,sechzehn
503,dešuštar,num card,,vierzehn
504,dešutrin,num card,,dreizehn
505,detelina,n f,,Klee
506,detharin,n f,,1. Dämmerung 2. Morgen
507,detharina,adv temp,,"früh, am morgen"
508,detlići,n m,,Specht
509,devero,n m,,Schwager
510,devleske va,n phr m,,Hand Gottes
511,Devlesko čavro,n phr m,,Sohn Gottes
512,devlesko lil,n phr m,,Bibel
513,devlestar,adj,,göttlich
514,ďi,n m,,1. Bauch 2. Magen
515,dićhipe,n m,,1. Beobachtung 2. Ansicht
516,dićhol,v tr,,"1. sehen, schauen, betrachten 2. bemerken 3. beobachten, bewachen, untersuchen 4. betrachten (als)"
517,dičhol ande lila,v phr itr,,wahrsagen
518,difterija,n f,,Diphtherie
519,dikhlo,n m,,Kopftuch
520,dikhloro,n m,,Taschentuch
521,ďilabarni,n f,,"Sängerin, Musikerin"
522,ďilabarno,n m,,"Sänger, Musiker"
523,ďilabarno,adj m,,musikalisch
524,ďilabipe,n m,,Gesang
525,ďilabol,v itr,,"singen, spielen (Instrument), musizieren"
526,diľarol,v tr,,verrückt machen
527,diľarol pe,v itr,,verrückt werden
528,ďili,n f,,1. Lied 2. Musik
529,dilipe,n m,,Dummheit
530,dilo,adj m,,"blöd, dumm, verrückt"
531,dimil,v itr,,rauchen
532,dimime mas,n phr m,,geräuchertes Fleisch
533,dimňako,n m,,Rauchfang
534,dimo,n m,,Rauch
535,diňa,n f,,Melone
536,dinari,n m,,1. Münze 2. Geld
537,direktoro,n m,,Direktor
538,diskrimanacija,n f,,Diskriminierung
539,disol,v itr,,atmen
540,dobošari,n m,,Dukat
541,dodatno,adj,,zusätzlich
542,dodiri,n m,,Berührung
543,dogaďaj,n m,,Ereignis
544,doktori,n m,,Arzt
545,"doktorica palav kan, krlo thaj nakh",n phr f,,"Hals-, Nasen-, Ohrenärztin"
546,doktorka,n f,,Ärztin
547,dol,n m,,Gott
548,dol,v tr,,"1. geben, reichen, übergeben, anbieten 2. beginnen"
549,dol agor,v phr tr,,"beenden, fertig machen, aufhören"
550,dol andre,v phr itr,,hineingehen
551,dol dab,v phr tr,,"schlagen, prügeln, verletzen"
552,dol dab e pungreja,v phr tr,,treten
553,dol e čhuŕa,v phr tr,,stecken
554,dol jag,v phr tr,,"anzünden, Feuer anmachen"
555,dol jag e jagali,v phr tr,,"rauchen (Pfeife etc.), eine Pfeife/Zigarette anzünden"
556,dol jekh avre,v phr tr,,"wechseln, ändern"
557,dol o brsind,v phr itr,,es regnet
558,dol o iv,v phr itr,,es schneit
559,dol pe goďi,v phr itr,,sich erinnern an
560,dol rľa,v phr itr,,furzen
561,dol svato,v phr itr,,"reden, diskutieren"
562,dolina,n f,,Tal
563,domaćica,n f,,Hausfrau
564,domaćino,n m,,Hausmann
565,domaćinstvo,n m,,Haushalt
566,doŕav,n f,,Fluss
567,dori,n f,,"1. Band (Haar-, etc.), Borte 2. Schnur"
568,dori palaj cipeľa,n phr f,,"Schuhband, Schnürsenkel"
569,dori palaj e bal,n phr f,,Haarband
570,doručko,n m,,Frühstück
571,dosada,adv temp,,bisher
572,dosadil,v tr,,böse machen
573,dosadipe,n,,Ärger
574,dosadno,adj,,langweilig
575,dozvola,n f,,Erlaubnis
576,drab,n m,,Medizin (Heilkraut)
577,drabar,n,,Hexerei
578,drabarimasko,n m,,Zauberer
579,drakh,n f,,Weintraube
580,drmol,v tr,,schütteln
581,drmol pe,v itr,,zögern
582,drom,n m,,Weg
583,dromaripe,n m,,Reise
584,drumo,n m,,Landstraße
585,drxtil,v itr,,zittern
586,drza,n f,,"1. Fetzen 2. Kleidung 3. Ding, Sache 4. Angelegenheit 5. Möbel"
587,državľanstvo,n m,,"Nationalität, Staatsbürgerschaft"
588,duboko,adj,,tief
589,dućanici,n m,,kleines Geschäft
590,dućano,n m,,"Geschäft, Laden"
591,dudum,n f,,Kürbis
592,dueto,n m,,Duett
593,duga,n f,,Regenbogen
594,duj,num card,,zwei
595,dujengo,adj,,doppelt
596,dujmiľe,num card,,zweitausend
597,dujšela,num card,,zweihundert
598,dujto,adj m,,andere
599,dujto,num ord,,zweite
600,dukhavipe,n m,,1. Schmerz 2. Leid 3. Verletzung
601,dukhavol,v itr,,schmerzen
602,dumo,n m,,Schulter
603,duňa,n f,,Quitte
604,dur,adv loc,,"weit, fern, weg, fort"
605,dur,adj,,"weit, entfernt"
606,ďurďevdan,n m,,Hl. Georgstag
607,duruli,n m,,Krug
608,dušalipe,n m,,Anklage
609,dušalo,adj m,,schuldig
610,dušarol,v tr,,"anklagen, beschuldigen"
611,duvalica,n f,,Blasebalg
612,duvar,num mult,,zweimal
613,duvil,v itr,,blasen
614,duxo,n m,,Gespenst
615,duž,prep,,entlang
616,dužnost,n f,,Pflicht
617,dvoro,n m,,Hof
618,džal,v itr,,"1. gehen, spazieren, steigen, klettern, hinaufgehen, hinuntergehen, weggehen, vorbeigehen 2. wandern, reisen, wegfahren, abreisen 3. fließen"
619,džaltar,v itr,,"ausziehen, wegziehen"
620,džamutro,n m,,1. Schwiegersohn 2. Bräutigam
621,džanglipe,n m,,Wissen
622,džanol,v tr,,wissen
623,džape,n m,,1. Gang 2. Bewegung
624,džemperi,n m,,Pullover
625,džigerňača,n f,,Leber
626,džikaj,conj,,während
627,džikaj,prep,,"zu, bis"
628,džikaj či,conj,,"solange (bis), bis"
629,džu,n f,,1. Laus 2. Nisse 3. Floh
630,džućhel,n m,,Hund (m.)
631,džućheloro,n m,,kleiner/junger Hund
632,džudo,adj m,,"lebhaft, lebendig"
633,džukhli,n f,,Hündin
634,džuľi,n f,,1. Mädchen (n.zig.) 2. Tochter (n.zig.) 3. Ehefrau (n.zig.)
635,džungado,adj m,,wach
636,džungavol,v tr,,(auf)wecken
637,džungavol pe,v itr,,aufwachen
638,džungla,n f,,Dschungel
639,džuvalo,adj m,,lausig
640,dzuvľikano,adv mod,,"weiblich, fraulich"
641,džuvľikano,adj m,,"fraulich, weiblich"
642,e,part,,ja
643,efta,num card,,sieben
644,efta ďesa,n phr f,,Woche
645,eftato,num ord,,siebente
646,eftavardeš,num card,,siebzig
647,egzistiril,v itr,,existieren
648,ekonomija,n f,,Wirtschaft
649,ekonomsko,adj,,"ökonomisch, wirtschaftlich"
650,eksplodiril,v itr,,explodieren
651,elefanto,n m,,Elefant
652,elektriciteto,n m,,Elektrizität
653,endeko,n m,,Kanal
654,fabrika,n f,,Fabrik
655,falka,n f,,Kinn
656,familijarno,adj,,gewohnt
657,farma,n f,,Bauernhof
658,fazano,n m,,Fasan
659,februvari,n m,,Februar
660,feľastrin,n f,,Fenster
661,fioka,n f,,Schublade
662,firangla,n f,,Vorhang
663,fizičko,adj,,körperlich
664,flaša,n f,,Flasche
665,forma,n f,,Form
666,formiril,v tr,,"bilden, darstellen"
667,foro,n m,,Stadt
668,forosko,adj m,,"städtisch, Gemeinde-"
669,forosko ćher,n phr m,,Rathaus
670,fosuj,n m,,Bohne
671,frajeri,n m,,"Stutzer, Schönling"
672,francuzo,n m,,Franzose
673,friseri,n m,,Friseur
674,friserka,n f,,Friseurin
675,fuŕal,v itr,,fliegen
676,fuŕavipe,n m,,Flug
677,fuŕavol,v tr,,etw. anziehen
678,fuŕavol pe,v itr,,sich kleiden
679,furkuľica,n f,,Gabel
680,gad,n m,,Hemd
681,gadiči,adj indef,,"so sehr, so viel"
682,gadija,n f,,Hexe
683,gadno,adj,,"hässlich, schrecklich, scheußlich, ekelhaft"
684,gadžo,n m,,1. Bub (n.zig.) 2. Sohn (n.zig.) 3. Ehemann (n.zig.)
685,gajda,adv mod,,"1. so, auf diese Art 2. genau, exakt"
686,galbenil pe,v itr,,gelb werden
687,galbeno,n m,,Dukat
688,galbeno,adj,,gelb
689,garavimasko,adj m,,geheim
690,garavipe,n m,,1. Geheimnis 2. Heimlichkeit
691,garavol,v tr,,verstecken
692,garavol,v tr,,1. behaupten 2. beachten
693,garavol pe,v itr,,sich verstecken
694,garome,adj,,rußig
695,gaso,n m,,Gas
696,gata,adj,,beendet
697,gav,n m,,1. Dorf 2. Siedlung
698,gavesko,adj m,,"ländlich, bäuerlich"
699,gavrano,n m,,"Rabe, Krähe"
700,gavutni,n f,,Bäuerin
701,gavutno,n m,,Bauer
702,gepardo,n m,,Gepard
703,ginekologo,n m,,Gynäkologe
704,gležňo,n m,,Knöchel
705,glista,n f,,Wurm
706,gľiva,n f,,1. Pfifferling 2. Pilz
707,glumco,n m,,"Spieler, Schauspieler"
708,glumica,n f,,Schauspielerin
709,gndil pe,v itr,,denken
710,gndipe,n m,,1. Meinung 2. Absicht 3. Denken
711,gndisara,adv mod,,hoffentlich
712,gnevo,n m,,Zorn
713,gnezdo,n m,,Nest
714,gnojil pe ,v itr,,eitern
715,gnojime,adj,,eitrig
716,gnojo,n m,,Eiter
717,goďaver,adj,,"1. intelligent, weise, schlau 2. höflich 3. reif"
718,goďaveripe,n m,,1. Intelligenz 2. Weisheit 3. Höflichkeit
719,goďi,n f,,1. Verstand 2. Erinnerung 3. Gehirn
720,goj,n f,,Wurst
721,golub,n m,,Taube
722,golubari,n m,,"Taubenbesitzer, Taubenzüchter"
723,golubo,n m,,Taube
724,gomila,n f,,Haufen
725,gonko,n m,,Gang
726,gono,n m,,1. Sack 2. Tasche
727,gostinsko soba,n phr f,,Wohnzimer
728,gostioničarka,n f,,Wirtin
729,gostioničaro,n m,,Wirt
730,gosto,n m,,Gast
731,gra,n m,,Pferd
732,grabľa,n f,,Rechen
733,grabuľa,n f,,Rechen
734,gradňa,n f,,"Bau, Errichtung"
735,grado,n m,,Hagel
736,gramatika,n f,,Grammatik
737,granica,n f,,Grenze
738,graško,n m,,Erbse
739,grast,n m,,Pferd
740,grebeno,n m,,Bergrücken
741,greška,n f,,"Irrtum, Fehler"
742,grešno,adj,,sündig
743,grexo,n m,,Sünde
744,grino,adj,,grün
745,grino,n,,grün
746,grinol,v itr,,grün werden
747,grinol,v tr,,grün machen
748,griža,n f,,1. Besorgnis 2. Angst
749,grmil,v itr,,es donnert
750,grobo,n m,,Grab
751,gromo,n m,,1. Blitz 2. Donner
752,grubo,adj,,grob
753,grupa,n f,,Gruppe
754,gučil,v itr,,"schnattern, quaken"
755,guda,pron dem m,,jener (m.sg.)
756,gudaja,pron dem f,,jene (f.sg.)
757,gudaleja,adv caus,,dabei
758,gugľarol,v tr,,süßen
759,guglipe,n m,,"1. Honig 2. Schokolade, Mehlspeise, Süßigkeiten"
760,guglo,adj m,,süß
761,guglo kuruzo,n phr m,,Mais
762,gumica,n f,,Radiergummi
763,gunajeski,n f,,1. Kanne 2. Kübel
764,gunoj,n m,,"1. Dung 2. Müll, Unrat"
765,gurumňako mas,n phr m,,Rindfleisch
766,gurumňako obor,n phr m,,Kuhstall
767,gurumňi,n f,,Kuh
768,guruv,n m,,"1. Rind, Stier 2. Ochs"
769,guruvoro,n m,,Kalb
770,gusano,n m,,Gänserich
771,gusenica,n f,,Raupe
772,guska,n f,,Gans
773,gušteri,n m,,Eidechse
774,gusto,adj,,"dicht, dick"
775,hačares,adv mod,,"klar, eindeutig"
776,hakh,n m,,"Waschen, Wäsche"
777,halal,v tr,,waschen
778,haľina,n f,,Kleid
779,hanadi,n f,,Hacke
780,hanamika,n f,,Freund
781,hanavol,v tr,,graben
782,hando,n m,,Joch
783,haravol,v tr,,"1. et. abstreifen, etw. herunterreissen 2. etw. abdecken 3. belästigen"
784,haravol e cipeľa,v phr tr,,Schuhe ausziehen
785,hasna,n f,,Interesse
786,hićimos,n m,,Müdigkeit
787,hičome,adj,,müde
788,hodniko,n m,,Gang
789,hoteli,n m,,Hotel
790,hrvatica,n f,,Kroatin
791,huda,conj,,dass
792,humanitarno žutipe,n phr m,,humanitäre Hilfe
793,huvici,n m,,"Brei, Mus"
794,ideja,n f,,Einfall
795,igračka,n f,,Spielzeug
796,igralište,n m,,"Spielplatz, Sportplatz"
797,ikona,n f,,Ikone
798,ilesko nasvalipe,n phr m,,Herzkrankheit
799,ilo,n m,,"1. Herz 2. Geist, Seele"
800,ilovača,n f,,Lehm
801,importantno,adv mod,,wichtig
802,iňa,num card,,neun
803,iňato,num ord,,neunte
804,iňavaredš,num card,,neunzig
805,inćarol o nazor,v phr tr,,kontrollieren
806,inďarol,v tr,,"1. bringen 2. tragen 3. führen, leiten 4. behalten 5. ertragen 6. tragen (Kleidung)"
807,infrakt,n m,,Infarkt
808,inkalol,v tr,,"1. herausnehmen, herausziehen 2. herstellen, produzieren 3. zeichnen"
809,inklistipe,n m,,Ausgang
810,inklol avri,partv itr,,hinausgehen
811,institucija,n f,,Institution
812,instrumento,n m,,Instrument
813,intereso,n m,,Interesse
814,ipak,adv mod,,trotzdem
815,iscelil,prefv tr,,heilen
816,iscrpil,prefv itr,,ermüden
817,iscrpľeno,adj,,erschöpft
818,iskusno,adj,,erfahren
819,ispito,n m,,Prüfung
820,ispovedil,prefv tr,,gestehen
821,ispraznil,prefv itr,,1. leeren 2. scheißen
822,isto,prep,,"wie, als"
823,isto,adv mod,,"genauso, ebenso, gleich"
824,isto,adj,,"gleich, gleicher"
825,istočno,adj,,östlich
826,istoko,n m,,Osten
827,istorija,n f,,Geschichte
828,istorijsko,adj,,historisch
829,italijano,n m,,Italiener
830,iv,n m,,Schnee
831,ivend,n m,,Winter
832,ivica,n f,,Rand
833,izazvil,prefv tr,,herausfordern
834,izbrusil,prefv tr,,schleifen
835,izdral,prefv itr,,stöhnen
836,izdržil,prefv tr,,aushalten
837,izgledil,prefv itr,,es scheint
838,izgledo,n m,,1. Aussehen 2. Erscheinung
839,izmaglica,n f,,Dunst
840,iznenada,adv mod,,überraschenderweise
841,iznenadil,prefv tr,,überraschen
842,iznenadime,adj,,überrascht
843,iznenadipe,n m,,Überraschung
844,iznudil,prefv tr,,zwingen
845,izračunil,prefv tr,,rechnen
846,izrazo,n m,,Ausdruck
847,izveštaj,n m,,Bericht
848,izvori,n m,,"1. Quelle (Wasser-) 2. Quelle, Ausgangspunkt"
849,jag,n f,,1. Feuer 2. Flamme
850,jagali,n f,,1. Zigarette 2. Lampe
851,jagalo,adj m,,glühend
852,jaglika,n f,,Schlüsselblume
853,jakh,n f,,Auge
854,jakhako kapko,n phr f,,Augenlid
855,jakna,n f,,Jacke
856,jama,n m,,Grube
857,januari,n m,,Jänner
858,jaši,n,,Ritt
859,jašil,v itr,,reiten
860,jasno,adj,,"klar, hell"
861,jasvin,n f,,Träne
862,javil,v tr,,berichten
863,jecil,v itr,,jammern
864,ječmo,n m,,Gerste
865,jednogrbaći kamila,n phr f,,Dromedar
866,jedro,n m,,Segel
867,jedva,adv mod,,kaum
868,jekh,num card,,eins
869,jekh avre,pron,,einander
870,jekh avreja,adv phr mod,,zusammen
871,jekh bi avresko,pron,,einer ohne den anderen
872,jekh ďes,adv phr indef,,eines Tages
873,jekh palaj avreste,n phr,,Reihe
874,jekh pašaj avreste,n phr,,Vergleich
875,jekto,num ord,,erste
876,jekto,adv temp,,erstens
877,jela,n f,,Tanne
878,jelen,n m,,Hirsch
879,jeleno,n m,,Hirsch
880,jer,conj,,weil
881,jertisarol,v tr,,verzeihen
882,jetra,n f,,Leber
883,jeza,n f,,Erkältung
884,jezercuja,n f,,Teich
885,jezero,n m,,See
886,ježo,n m,,Igel
887,jokhar,adv mod,,nur
888,jokhar,num mult,,einmal
889,jokhar,num mult,,einmal
890,jokhar ando ďes,adv phr temp,,täglich
891,jokhar ando kurko,adv phr temp,,wöchentlich
892,još,adv mod,,noch
893,još cra,adv phr mod,,1. fast 2. nach und nach
894,još jokhar,adv phr temp,,noch einmal
895,jova,n f,,Erle
896,jugo,n m,,Süden
897,jugoslavija čhindape,n phr,,Ex-Yugoslawien
898,Jugoslovenka,n f,,Jugoslawin
899,julo,n m,,Juli
900,juno,n m,,Juni
901,južno,adj,,südlich
902,kabor,adj int,,wieviel
903,kada,n f,,Badewanne
904,kaj,adv int,,"wohin, wo"
905,kaj,adv indef,,irgendwo
906,kaj godi,adv phr indef,,wo auch immer
907,kajil pe,v itr,,bereuen
908,kajmako,n m,,Rahm
909,kak,n m,,Onkel (väterlicherseits)
910,kaľarol pe,v itr,,schwarz werden
911,kalce,n pl,,Hosen
912,kaldrma,n f,,Straße
913,kali,n f,,Kaffee
914,kali purum,n phr f,,Zwiebel
915,kalipe,n m,,Schwärze
916,kalo,adj m,,schwarz
917,kalupo,n m,,Format
918,kamavipe,n m,,1. Liebe 2. Wunsch
919,kamijono,n m,,Lastwagen
920,kamila,n f,,Kamel
921,kamol,v tr,,"1. lieben, mögen, bewundern 2. wollen, wünschen, begehren"
922,kamol te ćerol,v phr tr,,beabsichtigen
923,kan,n m,,Ohr
924,kana,adv int,,wann
925,kana,conj,,"als, wenn"
926,kana godi,adv phr indef,,wann auch immer
927,kanali,n m,,Kanal
928,kanalizacija,n f,,Kanalisation
929,kancelarija,n f,,Büro
930,kandilo,n m,,Ampel
931,kandža,n f,,Klaue
932,kangli,n f,,1. Kamm 2. Bürste
933,kangro,n m,,Gräte
934,kanoro,n m,,Ohrläppchen
935,kanta,n f,,"1. Kübel, Eimer 2. Kanne 3. Korb"
936,kap,n m,,Tropfen
937,kapetano,n m,,"Hauptmann, Kapitän"
938,kapija,n f,,Tor
939,kaputo,n m,,1. Mantel 2. Rock (Sakko)
940,kar,n m,,Penis (männliches Geschlecht)
941,karing-koring,adv phr loc,,dort und da
942,karnevalo,n m,,Fasching
943,kaš,n m,,1. Baum 2. Holz 3. Holzscheit
944,kasao,adj int,,"solcher, so ein"
945,kašetski drakh ,n phr f,,Weinstock
946,kasko,pron int,,wessen
947,kasno,adv temp,,spät
948,kašt,n m,,1. Baum 2. Holz 3. Holzscheit
949,kaštuno,adj m,,hölzern
950,kat,n f,,Schere
951,katar,prep,,"aus, von"
952,katar,adv int,,woher
953,katar,adv loc,,von hier
954,katar,conj,,seit
955,katar akana,adv phr temp,,"ab sofort, von jetzt an"
956,katar e vŕama džikaj e vŕama,adv phr temp,,gelegentlich
957,katar guda,adv phr temp,,seither
958,katrina,n f,,Schürze
959,kaubojo,n m,,Cowboy
960,kav čer,adv phr loc,,zu Hause
961,kav thaj kav,pron indef,,dies und das
962,kava brš,adv phr temp,,dieses Jahr
963,kava ivend,adv phr temp,,in diesem Winter
964,kava milaj,adv phr temp,,in diesem Sommer
965,kazano,n m,,Kessel
966,kazgodi,pron indef,,jemand
967,kazna,n f,,"Strafe, Bestrafung"
968,kaznil,v tr,,bestrafen
969,kazom,adv indef,,wie viel
970,kazom,adj int,,wie viel
971,keceľa,n f,,Schürze
972,keľo,n m,,Kohl
973,khajňako mas,n phr m,,Hühnerfleisch
974,khajňi,n f,,"Henne, Huhn"
975,khak,n f,,Achsel(höhle)
976,kham,n m,,Sonne
977,khameski svetlost,n phr,,Sonnenlicht
978,khamesko,n m,,Licht
979,khandipe,n m,,Gestank
980,khanďiri,n f,,Kirche
981,khandol,v itr,,stinken
982,khangro,n m,,Dorn
983,khanikaske,pron indef,,niemand
984,khate,adv loc,,1. hier 2. hierher
985,khonik,pron indef,,niemand
986,khosol,v tr,,wischen
987,khotar,adv loc,,von dort (weg)
988,khote,adv loc,,1. dort 2. dorthin
989,khuj,n m,,Ellenbogen
990,khul,n m,,Kot
991,khur,n f,,Ferse
992,khura,n f,,Ferse
993,khuŕori,n f,,Stute
994,khuroro,n m,,1. Hengst 2. Fohlen
995,khuvol,v tr,,wickeln
996,khuvol e korpe,v phr tr,,Körbe flechten
997,kičma,n f,,Wirbelsäule
998,kifla,n f,,Semmel
999,kijil,v itr,,niesen
1000,kilometar,n m,,Kilometer
1001,kilometro,n m,,Kilometer
1002,kitil pe,v tr,,"schmücken, aufputzen"
1003,kito,n m,,Wal
1004,klagija,n f,,Nudelholz
1005,klanica,n f,,"Schlachthaus, Schlachthof"
1006,klarineto,n m,,Klarinette
1007,kľašto,n m,,Zange
1008,klaviri,n m,,Klavier
1009,klečil,v itr,,schlottern
1010,kleknil,v itr,,knien
1011,klešto,n m,,Zange
1012,klino,n m,,Pflock
1013,klisuŕa,n f,,Schlucht
1014,kliznol,v itr,,"ausrutschen, rutschen"
1015,klizol pe,v itr,,Schlittschuh laufen
1016,kľuno,n m,,Schnabel
1017,ko,pron int,,wer
1018,ko godi,pron indef,,wer auch immer
1019,koala,n f,,Koalabär
1020,kočaj,n m,,Maiskolben
1021,kočak,n f,,Knopf
1022,kočići palaj care,n phr,,Zeltpflock
1023,kočina,n f,,Schweinestall
1024,kockasto,adj m,,"würfelförmig, gewürfelt, würfelig"
1025,koja,pron dem f,,diese (f.sg.)
1026,kokalo,n m,,Knochen
1027,kokil,v tr,,"dörren, rösten"
1028,kokodačil,v itr,,gackern
1029,kokošinco,n m,,Hühnerstall
1030,kola,pron dem m pl,,diese (pl.)
1031,kolako,n m,,Kuchen
1032,kolco,n m,,Spieß
1033,kolevka,n f,,Wiege
1034,koliba,n f,,Hütte
1035,kolica,n f,,"Wagen, Scheibtruhe"
1036,koľivo,n m,,"Getreide, Korn"
1037,kolompiri,n m,,Kartoffel
1038,kolonizacija,n f,,"Besiedelung, Kolonisation"
1039,komanda,n f,,Kommando
1040,komandanto,n m,,Kommandant
1041,komentari,n m,,Bemerkung
1042,kompjuteri,n m,,Computer
1043,kompoto,n m,,Kompott
1044,koncerto,n m,,Konzert
1045,konferencija,n f,,Konferenz
1046,konobari,n m,,Kellner
1047,konobarica,n m,,Kellnerin
1048,kontakto,n m,,Vertrag
1049,kontrola,n f,,Kontrolle
1050,kopili,n m,,Bastard
1051,kopľe,n m,,"Speer, Lanze"
1052,kor,n f,,1. Hals 2. Kehle
1053,kora,n f,,Schale (Obst etc.)
1054,korako,n m,,Schritt
1055,koreno,n m,,Wurzel
1056,korisniko,n m,,Benützer
1057,korisno,adj,,"hilfreich, nützlich"
1058,koristo,n m,,Nutzen
1059,korito,n m,,Trog
1060,korkore,adv mod,,allein
1061,korkoripe,n m,,Einsamkeit
1062,korkoro,adj m,,"1. einsam 2. unabhängig, getrennt"
1063,korňača,n f,,Schildkröte
1064,koro,adj m,,blind
1065,koro šimijako,n phr m,,Fledermaus
1066,korodiril,v itr,,rosten
1067,korovo,n m,,Unkraut
1068,korpa,n f,,Korb
1069,kosa,n f,,Sense
1070,kosil,v tr,,mähen
1071,košnica,n f,,Bienenstock
1072,koso,n m,,Amsel
1073,Kosovo,n m,,Kosovo
1074,koštica,n f,,Kern
1075,košuta,n f,,Hirsch
1076,kotor,n m,,1. Stück 2. Teil 3. Stoff 4. Leinen 5. Tuch
1077,kotrľil,v itr,,rollen
1078,kova,pron dem m,,dieser (m.sg.)
1079,kovači,n m,,Schmied
1080,kovačnica,n f,,Esse
1081,kovaďi,adv temp,,vorgestern
1082,kovanca,n f,,Amboss
1083,kovlo,adj,,weich
1084,kovrdžavo,adj m,,lockenköpfig
1085,kožno,adj,,ledern
1086,krafin,n m,,Nagel
1087,kraľevsko,adj,,königlich
1088,kraľica,n f,,Königin
1089,kraľo,n m,,König
1090,kŕang,n f,,"Ast, Zweig"
1091,krasta,n f,,Krätze
1092,krastaveco,n m,,Gurke
1093,krasuľko,n m,,Gänseblümchen
1094,krčma,n f,,"Kneipe, Gasthaus"
1095,kredito,n m,,Kredit
1096,krigla,n f,,Krug
1097,kris,n f,,"1. Prozess, Gerichtsverhandlung 2. Gericht (jur.)"
1098,kritično,adj,,kritisch
1099,krivo,adj,,"krumm, schief"
1100,krlo,n m,,"Laut, Ton, Klang"
1101,krovo,n m,,Dach
1102,lačharipe,n m,,Vereinbarung
1103,lačharol,v tr,,"verbessern, ausbessern, reparieren, berichtigen, begradigen, polieren, herrichten"
1104,lačhe,adv mod,,genug
1105,lačhipe,n m,,1. Vergnügen 2. Güte 3. Gastfreundschaft
1106,lačho,adj m,,"gut, hübsch, lieblich, vornehm, herrschaftlich, angenehm, friedlich ausreichend"
1107,ladil pe,v itr,,abkühlen
1108,ladžano,adj m,,beschämt
1109,ladžavol pe,v itr,,sich schämen
1110,lajil,v itr,,bellen
1111,lako,pron poss 3 sg m,,ihr (pron.poss.3.sg.)
1112,lala,n f,,Tulpe
1113,lama,n f,,Lama
1114,lan,n m,,Flachs
1115,lančići,n m,,Halskette
1116,lanco,n m,,Kette
1117,lastavica,n f,,Schwalbe
1118,latinica,n f,,lateinisches Alphabet
1119,lauta,n f,,1. Flöte 2. Geige
1120,laveži,n m,,Rinde
1121,lavo,n m,,Löwe
1122,lavori,n m,,"Wasserbad, Becken"
1123,ledo,n m,,Eis
1124,lengo,pron poss 3 sg m,,ihr (pron.poss.3.pl.)
1125,leňo,adj,,faul
1126,leňo,n m,,Faulheit
1127,lepil,v itr,,kleben
1128,lesko,pron poss 3 sg m,,sein
1129,lešniko,n m,,Haselnuss
1130,levko,n m,,Trichter
1131,levo,adj,,linke
1132,levo,adv loc,,links
1133,ličarlol,v tr,,etw. zertrümmern
1134,lično,adj,,persönlich
1135,lično,adv mod,,persönlich
1136,liduj,num,,beide
1137,likh,n f,,Nisse
1138,lil,n m,,1. Brief 2. Blatt Papier 3. Papier (Material) 4. Dokument 5. Buch 6. Zeitung 7. Karte
1139,lilvarno,n m,,Schreiber
1140,limari,n m,,Spengler
1141,limuno,n m,,Zitrone
1142,limunosko soko,n phr m,,Limonade
1143,lindralo,adj m,,schläfrig
1144,linija,n f,,Linie
1145,linipe,n m,,1. Trauung 2. Gewinn
1146,lisco,n m,,Fuchs (m.)
1147,lisica,n f,,Füchsin
1148,lisicako ćher,n phr m,,Fuchsbau
1149,listo,n m,,"Unterschenkel, Wade"
1150,listol pe,v itr,,"Blätter bekommen, Blätter treiben"
1151,livada,n f,,1. Wiese 2. Weide (für Tiere)
1152,lizol,v tr,,lecken
1153,ločipe,n m,,"1. Leichtigkeit 2. Einfachheit, Leichtigkeit"
1154,logor,n m,,"Lager, Vernichtungslager, Konzentrationslager"
1155,lojo,n m,,Talg
1156,loko,adj m,,"weich, leicht (einfach), leicht (Gewicht)"
1157,loko,adv mod,,leicht
1158,lokoto,n m,,"Schloss, Vorhängeschloss"
1159,lol,v tr,,"1. bekommen, erhalten, erlangen, empfangen 2. nehmen, greifen, fassen, fangen, aufheben"
1160,lol po udžilipe,v phr tr,,borgen
1161,lol poćin,v phr tr,,verdienen
1162,lol romňi,v phr tr,,sich verheiraten
1163,lol samal,v phr tr,,"hüten, schützen, sich kümmern um, beschützen, sichern, verteidigen"
1164,lol te xal,v phr tr,,"ernähren, füttern"
1165,lolipe,n m,,Röte
1166,lolo,adj m,,rot
1167,ľoľol,v itr,,"rot werden, erröten, sich röten"
1168,lon,n m,,Salz
1169,lonďarel,v tr,,salzen
1170,londo,adj m,,salzig
1171,lopata,n f,,Schaufel
1172,lopta,n f,,Ball
1173,losaripe,n m,,1. Wahl (polit.) 2. Auswahl
1174,losarol,v tr,,"auswählen, aussuchen, wählen"
1175,lova,n f,,Geldschein
1176,lovac,n m,,Jäger
1177,lovco,n m,,Jäger
1178,love,n pl,,Geld
1179,lovil,v tr,,jagen
1180,lovo,n m,,Jagd
1181,lubenica,n f,,Wassermelone
1182,ľubičica,n f,,Veilchen
1183,ľubimco,n m,,"1. Liebling, Geliebter 2. Günstling"
1184,ľubomorno,n m,,Eifersucht
1185,ľubomorno,adj,,"eifersüchtig, neidisch"
1186,luj,n m,,Montag
1187,lula,n f,,Pfeife
1188,luluďi,n f,,Blume
1189,lundžarol,v tr,,"ausweiten, ausdehnen, verbreitern, verlängern, fortsetzen"
1190,lundžarol pe,v itr,,"breit werden, länger werden"
1191,lungo,adv mod,,weit
1192,lungo,adj m,,kurz
1193,lungo čarapa,n phr f,,Strumpf
1194,lutka,n f,,Puppe
1195,ľuto,adv mod,,zornig
1196,ľuto,adj,,scharf (Essen)
1197,ma sao,adv phr indef,,welcher auch immer
1198,mačho,n m,,Fisch
1199,maćhol,v tr,,"streichen, schmieren, salben"
1200,maćhol e voskova,v phr tr,,wachsen (mit Wachs)
1201,mačo,n m,,Schwert
1202,mada,conj,,obwohl
1203,maďarica,n f,,Ungarin
1204,magarco,n m,,Esel (m.)
1205,magarica,n f,,Esel (w.)
1206,magla,n f,,Nebel
1207,maj anglal,adv phr loc,,"vorwärts, nach vorn"
1208,maj anglal,adv phr temp,,1. zuerst 2. früher
1209,maj but,adv phr mod,,zu viel
1210,maj but,adv phr temp,,meistens
1211,maj ckno sikamno than,n phr m,,"Volksschule, Grundschule"
1212,maj dur,adv phr loc,,"1. weiter 2. aus der Ferne, von weitem (her)"
1213,maj palal,adv phr temp,,vorher
1214,maj posle,adv phr temp,,1. später 2. danach
1215,majbut drom,adv phr temp,,einige Male
1216,majckno,adj indef,,"kleinste, wenigste"
1217,majckno naj,n phr m,,kleiner Finger
1218,majdur,prep,,jenseits von
1219,majimportantno,adj,,am wichtigsten
1220,majmištoro,n m,,Gruß
1221,majmuno,n m,,Affe
1222,majo,n m,,Mai
1223,makedonco,n m,,Mazedonier
1224,makh,n f,,Fliege
1225,makhli,n f,,Speck
1226,makhlo,adj m,,schmierig
1227,mako,n m,,Mohn
1228,malavipe,n m,,"Treffen, Versammlung"
1229,malavol,v tr,,"1. finden, entdecken 2. treffen 3. locken 4. erwerben"
1230,malterišil,v tr,,"mauern, aufbauen, Häuser bauen"
1231,mamuza,n f,,Sporn
1232,manastiri,n m,,Kloster
1233,mangrari,n m,,Bäcker
1234,mangro,n m,,Brot
1235,manuš,n m,,1. Mensch 2. Nicht-Zigeuner 3. Person 4. Bürger
1236,manušengo,adj m,,menschlich
1237,manušesko kamipe,n phr m,,Menschlichkeit
1238,manušňengo,adj m,,"fraulich, weiblich"
1239,manušňi,n f,,1. Frau 2. Nicht-Zigeunerin
1240,mardi,n m,,Dienstag
1241,margarino,n m,,Butter
1242,marimaski vŕama,n phr,,Kriegszeit
1243,maripe,n m,,1. Hagel 2. Gewalt 3. Schlägerei 4. Krieg
1244,marka,n f,,Deutsche Mark (Währung)
1245,markiril,v tr,,bezeichnen
1246,marľivo,n m,,Fleiß
1247,marol,v tr,,"klopfen, zuschlagen"
1248,marol pe,v itr,,kämpfen
1249,marš,n m,,Marsch
1250,marto,n m,,März
1251,mas,n m,,1. Fleisch 2. Fleisch (als Nahrung)
1252,mašar,adj m,,mittlere
1253,mašar,prep,,über
1254,mašar vŕama,adv phr temp,,inzwischen
1255,mašil,v itr,,"schwingen, schaukeln"
1256,mašin bravari,n phr,,Maschinenschlosser
1257,mašina,n f,,Maschine
1258,maškar,adv loc,,"1. in der Mitte, in die Mitte 2. jenseits davon"
1259,maškar,prep,,"zwischen, inmitten, mitten unter, bei"
1260,maškar e ŕat,adv phr temp,,über Nacht
1261,maškar o drom,adv phr loc,,auf der anderen Seite
1262,maškaripe,n m,,"Mitte, Zentrum"
1263,maslačo,n m,,Löwenzahn
1264,maslina,n f,,Olive
1265,mašta,n f,,"Vorstellung, Einbildung"
1266,matematika,n f,,Mathematik
1267,materija,n f,,Angelegenheit
1268,materijali,n m,,Material
1269,matičari,n m,,Standesbeamter
1270,mato,adj m,,betrunken
1271,matol,v tr,,betrunken machen
1272,matol pe,v itr,,"sich betrinken, betrunken werden"
1273,mazil,v tr,,streicheln
1274,me,pron pers 1 sg,,ich
1275,mećol,v itr,,"1. lassen 2. verlassen 3. freilassen, befreien, gehen lassen 4. erlauben, bewilligen, zulassen"
1276,mečol e jasva,v phr itr,,weinen
1277,mećol e ŕat,v phr itr,,Nacht bricht an
1278,medicina,n f,,Medizin (Heilkunde)
1279,medicinsko sikamni,n phr,,Krankenschwester
1280,medo,n m,,Honig
1281,meďusobno,adv mod,,gegenseitig
1282,medvedica,n f,,Bärin
1283,medvedo,n m,,Bär
1284,mek,part mod,,dürfen
1285,mekika,n f,,Brotart
1286,mekľa,n f,,Besen
1287,meklipe,n m,,Scheidung
1288,mekľol pe,v itr,,"schmelzen, tauen"
1289,melalipe,n m,,Schmutz
1290,melalo,adj m,,"schmutzig, unrein"
1291,meľarol,v tr,,beschmutzen
1292,meľil,v tr,,mahlen
1293,menzis,n m,,Menstruation
1294,mera,n f,,Maß
1295,merdevina,n f,,Leiter
1296,meril ,v tr,,messen
1297,meripe,n m,,Tod
1298,merol,v itr,,sterben
1299,mesari,n m,,"Metzger, Fleischhauer"
1300,mesil,v tr,,kneten
1301,metro,n m,,Meter
1302,mexaničar,n m,,Mechaniker
1303,mexaničari,n m,,Mechaniker
1304,mexaničarka,n f,,Mechanikerin
1305,miľa,num card,,tausend
1306,miľa drom,num phr mult,,tausendmal
1307,milaj,n m,,Sommer
1308,miľako,num ord,,tausendste
1309,milijono,num card,,Million
1310,milo,adj m,,lieb
1311,milost,n m,,Gnade
1312,ministro,n m,,Minister
1313,minuso,n m,,Minuszeichen
1314,minuta,n f,,Minute
1315,miraz,n m,,Mitgift
1316,miriso,n m,,"Geruch, Duft"
1317,mirno,adj,,ruhig
1318,miro,n m,,Friede
1319,misao,n m,,Gedanke
1320,misemereja,n f,,Mittag
1321,mišići,n m,,Muskel
1322,mismeri,n m,,Mittag
1323,mitraľezo,n m,,Maschinengewehr
1324,mlina,n f,,Mühle
1325,mlinari,n m,,Müller
1326,mnogobrojno,adj,,zahlreich
1327,mobilno,adj,,beweglich
1328,moderno,adj,,modern
1329,mogučno,adj,,denkbar
1330,mol,v itr,,kosten (Geld)
1331,mol,n f,,Wein
1332,mol,n f,,Preis
1333,moľari,n m,,Wirt
1334,moľarka,n f,,Wirtin
1335,molba,n f,,Bitte
1336,molil,v tr,,bitten
1337,molil pe,v itr,,beten
1338,molim,part,,bitte
1339,momeľi,n f,,Kerze
1340,momento,n m,,Augenblick
1341,morći,n f,,"1. Haut 2. Tierhaut 3. Leder 4. Fell, Pelz"
1342,more,n m,,Meer
1343,morol pe,v itr,,reiben
1344,mosto,n m,,"1. Brücke 2. Stelle, Ort"
1345,mothol,v tr,,"sprechen, sagen, erzählen, ausdrücken, erklären, ankündigen, erwähnen, informieren, empfehlen, antworten, vorhersagen, predigen, verraten, meinen, überzeugen, beweisen"
1346,mothovimasko naj,n phr m,,Zeigefinger
1347,mothovipe,n m,,1. Rede 2. Gespräch 3. Diskussion 4. Information 5. Ankündigung 6. Unterhaltung
1348,motka,n f,,Pfahl
1349,motori,n m,,Motor
1350,moxto,n m,,Truhe
1351,možda,part,,vielleicht
1352,možda,adv mod,,"vielleicht, möglicherweise"
1353,mrazo,n m,,Frost
1354,mrcinari,n m,,"Geier, Aasgeier"
1355,mreža,n f,,Netz
1356,mrmľil pe,v itr,,murmeln
1357,mrva,n f,,Brösel
1358,muc,n m,,Kater
1359,muca,n f,,Katze
1360,mucil,v itr,,stottern
1361,mudarol,v tr,,töten
1362,mudro,adv mod,,weise
1363,muj,n m,,1. Mund 2. Gesicht
1364,mulengo moxto,n phr m,,Sarg
1365,mulo,adj m,,tot
1366,mungro,pron poss 1 sg m,,mein
1367,munka,n f,,"Kummer, Leid"
1368,murica,n f,,Beere
1369,murš,n m,,Mann
1370,mušica,n f,,Gelse
1371,muslimano,n m,,Moslem
1372,mustak,n f,,"Schnurbart, Oberlippenbart"
1373,muštril,v tr,,drillen
1374,muter,n m,,Urin
1375,mutrol,v itr,,urinieren
1376,muzil,v tr,,melken
1377,na,part neg,,nicht (mit Imperativ)
1378,naćhesko kaš,n phr f,,Nasenloch
1379,naćhol,v itr,,"herübergehen, hinübergehen, vorbeikommen"
1380,nacija,n f,,Nation
1381,ňačil,v itr,,schreien
1382,nada,n f,,Hoffnung
1383,nadil pe,v itr,,hoffen
1384,nagiňil pe,v itr,,neigen (zu)
1385,nagnil pe,v itr,,heruntersteigen
1386,nagost,n f,,Nacktheit
1387,nagradil,v tr,,belohnen
1388,naj,prep,,ohne
1389,naj,n m,,Finger
1390,naj agor,adv phr mod,,dauernd
1391,naj kaj ala,adv phr mod,,unerwartet
1392,naj khatende,adv phr indef,,"nirgendwo, nirgendwoher"
1393,naj obično,adv phr mod,,ungewöhnlich
1394,naj osnova,adv phr mod,,grundlos
1395,naj sumňivo,adv phr mod,,zweifellos
1396,najarol,v itr,,"duschen, baden"
1397,najs,part,,danke
1398,najsarol,v tr,,"1. danken, loben 2. grüßen"
1399,nakh,n m,,Nase
1400,nakhavipe,n m,,Durchgang
1401,nakhavol,v tr,,schlucken
1402,nakhlipe,n m,,Vergangenheit
1403,nakhlo,adj,,"frühere, vorige, vergangene"
1404,nakhlo,adv temp,,vorüber
1405,nakľukil,v tr,,dick machen
1406,nakovaň,n m,,Amboss
1407,ňamco,n m,,Deutscher
1408,namerno,adv mod,,absichtlich
1409,nameštaj,n m,,Einrichtung
1410,ňamo,n m,,Verwandter
1411,ňamuŕa,n f,,Familie
1412,nango,adj m,,nackt
1413,naoštril ,v tr,,schärfen
1414,naoštril pe,v itr,,scharf werden
1415,napadnil,v tr,,"angreifen, attackieren"
1416,napori,n m,,Anstrengung
1417,narandža,n f,,Orange
1418,narandžasto,adj,,orange
1419,naručito,adv mod,,besonders
1420,nasilno,adj,,gewaltsam
1421,našipe,n m,,Flucht
1422,naškodil,v tr,,schaden
1423,našol,v itr,,"weglaufen, fliehen, entfliehen, vermeiden"
1424,naštik,v mod itr,,nicht können
1425,naštik,part mod,,nicht können
1426,nasvalipe,n m,,1. Schnupfen 2. Krankheit
1427,nasvalo,adj m,,"krank, schmerzhaft, erkältet"
1428,nasvaol,v itr,,krank werden
1429,naučniko,n m,,Wissenschaftler
1430,naučniko,adj m,,wissenschaftlich
1431,nauka,n f,,Wissenschaft
1432,navodno,adv mod,,angeblich
1433,nedavno,adv temp,,"neulich, kürzlich, in letzter Zeit"
1434,nedostajil,v tr,,vermissen
1435,nedostatko,n m,,Mangel
1436,nego,part comp,,als (Vergleich)
1437,nekoliko,adj indef,,mehrere
1438,nemogučo,adj,,unmöglich
1439,neparno,adj,,ungerade (Zahlen)
1440,nepco,n m,,Gaumen
1441,neposredno,adj,,sofortig
1442,neposredno,adv mod,,direkt
1443,nesao,adj indef,,"irgendein, ein bestimmter"
1444,nestanil pe,v itr,,verschwinden
1445,neverovatno,adj,,"unwahrscheinlich, unglaublich"
1446,nevipe,n m,,"Neuigkeit, Nachrichten"
1447,nevo,adj m,,neu
1448,nevo brš,n phr m,,Neujahr
1449,nežno,adj,,zart
1450,nikada,adv indef,,nie
1451,nilsko gras,n phr m,,Nilpferd
1452,nisar,adv mod,,überhaupt
1453,nisar ,adv indef,,"auf keinen Fall, keineswegs, überhaupt nicht"
1454,nogavica,n f,,Hosenbein
1455,nojo,n m,,Strauß
1456,nokširi,n m,,Nachtgeschirr
1457,normalno,adv mod,,normalerweise
1458,nosorog,n m,,Nashorn
1459,nota,n f,,Mitteilung
1460,novembro,n m,,November
1461,numaj,conj,,"aber, oder"
1462,numaj,part,,schon
1463,numaj…numaj,conj,,entweder…oder
1464,numerišil,v tr,,aufzählen
1465,numero,n m,,"Zahl, Nummer"
1466,nužniko,n m,,"Toilette, Klo"
1467,obala,n f,,Küste
1468,obećaňe,n m,,Versprechen
1469,obećil,v tr,,versprechen
1470,obesil,v tr,,aufhängen
1471,obezbedil,v tr,,versichern
1472,običaj,n m,,"Brauch, Sitte"
1473,obično,adj,,"gewöhnlich, normal, üblich"
1474,obično,adv mod,,"gewöhnlich, üblicherweise"
1475,oblako,n m,,Wolke
1476,oblast,n f,,Gegend
1477,oblik,n m,,Gestalt
1478,obňašňeňe,n m,,Erklärung
1479,obodo,n m,,Mahlzeit
1480,obori,n m,,"Kuhstall, Stall"
1481,obuxvatno,adv mod,,insgesamt
1482,očajno,adj,,verzweifelt
1483,očevidno,adv mod,,offensichtlich
1484,od aďe,adv phr temp,,von heute an
1485,od arači,adv phr temp,,seit gestern
1486,odeľeňe,n m,,Abschnitt
1487,odelo,n m,,"Anzug, Kostüm"
1488,odgovorno,n m,,Verantwortung
1489,odgovorno,adj,,verantwortlich
1490,odgovoro,n m,,Antwort
1491,odkad,adv temp,,seit wann
1492,odmori,n m,,"Rast, Pause, Feiertag"
1493,odmoril,v itr,,sich ausruhen
1494,odolaće,adv caus,,deshalb
1495,odreknil,v tr,,leugnen
1496,odsustvo,n m,,Abwesenheit
1497,odvratno,adj,,"rotzig, verrotzt"
1498,oficiri,n m,,Offizier
1499,oglinda,n f,,Spiegel
1500,ograda,n f,,Zaun
1501,ograničil,v tr,,"begrenzen, beschränken, einschränken"
1502,ogrlica,n f,,Halskette
1503,okolina,n f,,Umgebung
1504,okruglo,adj,,rund
1505,oktobro,n m,,Oktober
1506,okupacija,n f,,Okkupation
1507,oluko,n m,,Dachrinne
1508,oma,conj,,sobald
1509,omekšil,v tr,,"mildern, abschwächen"
1510,omorika,n f,,Fichte
1511,opaš ŕat,n phr,,Mitternacht
1512,opasno,adj,,gefährlich
1513,operišil pe,v itr,,operiert werden
1514,opis,n m,,Beschreibung
1515,opomenil,v tr,,warnen
1516,opral,prep,,"über, mehr als"
1517,opral,adv loc,,"1. nach oben, hinauf 2. von oben"
1518,opralipa,n m,,1. Himmel (sichtbar) 2. Himmel (relig.) 3. Wolke
1519,opravdil,v tr,,entschuldigen
1520,opre,adv loc,,hinauf
1521,opre,adj,,obere
1522,oprezno,adj,,vorsichtig
1523,oprezno,adv mod,,vorsichtig
1524,opšto,adj,,allgemein
1525,orao,n m,,Adler
1526,oril,v tr,,pflügen
1527,orkestar,n m,,Band
1528,ormari,n m,,Schrank
1529,orta,n f,,1. Mitglied 2. Recht 3. Gesetz 4. Regel 5. Gerechtigkeit
1530,orta,adv loc,,"gerade, geradeaus"
1531,ortujengo,adj,,gesetzlich
1532,osećaji,n m,,Gefühl
1533,osećil,v itr,,riechen
1534,osim,conj,,bis auf
1535,oslaňavil pe,v itr,,ausruhen
1536,oštro,adj,,scharf
1537,otoskar,adv temp,,"dann, danach"
1538,otpusno lil,n phr,,Entlassung (Krankenhaus)
1539,otrovno,adj,,giftig
1540,otrovo,n m,,Gift
1541,oxolo,adj,,überheblich
1542,oxto,num card,,acht
1543,oxtoto,num ord,,achte
1544,Oxtoto marto-ďes e dzuvľengo,n phr,,Internationaler Frauentag
1545,oxtovardeš,num card,,achtzig
1546,ozbiľno,adv mod,,ernsthaft
1547,ozbiľno,adj,,ernsthaft
1548,paćal,v tr,,glauben
1549,paćavipe,n m,,Respekt
1550,pačivale,adv mod,,1. gerecht 2. ehrlich
1551,paćivali,n f,,Ehrlichkeit
1552,pačivalo,adj m,,"unschuldig, ehrenwert, ehrlich, treu"
1553,paćol,v itr,,reifen
1554,paj,n m,,Wasser
1555,pajaco,n m,,"Hampelmann, Hanswurst"
1556,pakao,n m,,Hölle
1557,pakh,n m,,Schoß
1558,pakh,n f,,Flügel
1559,palačinka,n f,,Palatschinke
1560,palaj,prep,,"für, zu"
1561,palal,adv loc,,hinten
1562,palal,prep,,"unter, hinter"
1563,palav mismeri,n phr,,Nachmittag
1564,palav mismeri,adv phr temp,,am Nachmittag
1565,palco,n m,,Daumen
1566,pale,part,,auch
1567,pale,adv temp,,wieder
1568,palma,n f,,1. Handfläche 2. Faust 3. Handvoll
1569,palmaći patrin,n phr f,,Palmzweig
1570,palpale,adv loc,,zurück
1571,pandž,num card,,fünf
1572,pandžto,num ord,,fünfte
1573,pandžvardeš,num card,,fünfzig
1574,pantalone,n pl,,Hose
1575,papagajo,n m,,Papagei
1576,paparuga,n f,,Schmetterling
1577,papin,n m,,1. Gans 2. Ente
1578,papo,n m,,Großvater
1579,paprikaši,n m,,Eintopf
1580,papuča,n f,,"Schlapfen, Pantoffel"
1581,paramiči,n f,,"Erzählung, Märchen, Geschichte"
1582,parastoso,n m,,"Totenmesse, Gedächtnisfeier"
1583,paraštuj,n m,,Freitag
1584,parcovo,n m,,Ratte
1585,parketo,n m,,1. Parkett (Fußboden) 2. Parkett (im Theater)
1586,parlamento,n m,,Parlament
1587,parňarol,v tr,,"bleichen, weißen"
1588,parňarol pe,v itr,,weiß werden
1589,parni buko,n phr f,,Milz
1590,parni purum,n phr f,,Knoblauch
1591,parni zumňi,n phr f,,weiße Suppe
1592,parnipe,n m,,1. Blässe 2. Weiße
1593,parno,adj m,,weiß
1594,parno bubreško,n phr m,,Milz
1595,parno fuŕavipe,n phr,,weiße Bekleidung
1596,parno mangro,n phr m,,Weißbrot
1597,parno medvedo,n phr m,,Eisbär
1598,paro,n m,,Paar
1599,partizano,n m,,Partisane
1600,paš,n m,,Hälfte
1601,paš,num fract,,halb
1602,pašaj guda,adv phr mod,,trotzdem
1603,pašav,adv loc,,nahe
1604,pašavro,n m,,Rippe
1605,paše,prep,,"nahe bei, in der Nähe von"
1606,pašľol,v tr,,annähern
1607,pasoši,n m,,Reisepass
1608,patka,n f,,Ente
1609,patkovo,n m,,Enterich
1610,patlidžano,n m,,Tomate
1611,patlidžanoski zumi,n phr,,Tomatensuppe
1612,pato,n m,,Bett
1613,patoso,n m,,Fußboden
1614,patraďi,n f,,Ostern
1615,patrin,n f,,"1. Blatt 2. Blech, Platte"
1616,pauko,n m,,Spinne
1617,pauno,n m,,Pfau
1618,pavlaka,n f,,Rahm
1619,pažňa,n f,,Aufmerksamkeit
1620,pe,prep,,auf
1621,pe bax,adv phr mod,,"zum Glück, glücklicherweise"
1622,pe bibax,adv phr mod,,"unglücklicherweise, leider"
1623,pe rig,adv phr loc,,"zur Seite, daneben"
1624,pecil,v tr,,fischen
1625,pečina,n f,,Höhle
1626,pećol,v tr,,"backen, braten, brennen (Ziegel etc.)"
1627,pečurka,n f,,Pilz
1628,peglol,v tr,,bügeln
1629,pekari,n m,,Bäcker
1630,pekarka,n f,,Bäckerin
1631,pekli phuv,n phr f,,Ton (Material)
1632,pekľol,v tr,,"schlagen, treten"
1633,pekmezo,n m,,"Konfitüre, Marmelade"
1634,peko mas,n phr,,gebratenes Fleisch
1635,pelene,n pl,,Windeln
1636,pena,n f,,Schaum
1637,peŕa,n f,,Feder
1638,peradol,v itr,,fallen
1639,peraja,n f,,Flosse (tier.)
1640,peravol,v tr,,retten
1641,perčino,n m,,Zopf
1642,perina,n f,,Federbett
1643,peripe,n m,,Fall
1644,perol,v itr,,fallen
1645,perol,v tr,,fallen lassen
1646,peščano,adj,,sandig
1647,peškiro,n m,,Handtuch
1648,pesko,n m,,Sand
1649,petala,n f,,Huf
1650,petalo,n m,,Hufeisen
1651,phabaj,n f,,Apfel
1652,phabajako kaš,n phr f,,Apfelbaum
1653,phabardo,adj m,,brennend
1654,phabilo,adj m,,verbrannt
1655,phabol,v tr,,verbrennen
1656,phabol,v itr,,glühen
1657,phaďilo,adj m,,gebrochen
1658,phaďol,v itr,,zerbrechen (itr.)
1659,phaďol,v tr,,"etw. zerbrechen, zerschlagen, brechen, drücken, ausdrücken"
1660,phandado,n m,,Gefangener
1661,phandavol,v tr,,"1. schließen, abschließen, verschließen 2. einsperren, verhaften 3. befestigen, binden, verbinden"
1662,phanglipe,n m,,Gefängnis
1663,pharadi phuv,n phr f,,Feld
1664,pharipe,n m,,1. Last 2. Schwierigkeit 3. Gewicht 4. Schwangerschaft 5. Geschlechtsverkehr
1665,pharo,adj m,,1. schwer 2. schwanger
1666,pharol,v itr,,platzen
1667,phen,n f,,"1. Schwester 2. Stiefschwester, Halbschwester"
1668,pherdo,adv mod,,"absolut, vollständig"
1669,pherdo,adj m,,1. voll 2. satt 3. vollständig
1670,pherdo iv,adv phr,,"verschneit, Schnee-"
1671,phiravno,adj,,mit jmd. Streit habend
1672,phral,n m,,"1. Bruder 2. Stiefbruder, Halbbruder"
1673,phu,n f,,Augenbraue
1674,phujatar,adv mod,,zu Fuß
1675,phuv,n f,,1. Land 2. Boden 3. Acker 4. Erde 5. Staat
1676,phuvjengo naj,n phr f,,Zehe
1677,pićal,v itr,,weinen
1678,pijaco,n m,,1. Markt 2. Marktplatz
1679,pilta,n f,,1. Bild 2. Foto
1680,piltari,n m,,Maler
1681,piltarka,n f,,Malerin
1682,pindžardo,adj m,,"bekannt, berühmt, öffentlich"
1683,pindžarol,v tr,,erkennen
1684,pindžarol pe,v itr,,kennen
1685,pingvino,n m,,Pinguin
1686,pipe,n m,,Getränk
1687,piperi,n m,,Paprika
1688,pipnil,v tr,,1. berühren 2. beeinflussen
1689,pirindžo,n m,,Reis
1690,piro,adj indef,,eigener
1691,pismeno,adj,,geschrieben
1692,pišoma,n f,,Floh
1693,pištaľka,n f,,Pfiff
1694,piva,n f,,Bier
1695,plafono,n m,,"Plafon, Decke"
1696,planil,v itr,,"funkeln, leuchten"
1697,planina,n f,,Berg
1698,planiril,v tr,,planen
1699,plastika,n f,,Plastik
1700,plaxovito,adj,,schüchtern
1701,plibližno,adv mod,,ungefähr
1702,plivil,v itr,,schwimmen
1703,ploča,n f,,Platte
1704,pločica,n f,,Platte
1705,plovil,v itr,,segeln
1706,pluća,n f,,Lunge
1707,plugo,n m,,Pflug
1708,pluso,n m,,Pluszeichen
1709,po agor,adv phr temp,,"am Ende, schließlich"
1710,po agor,adv phr loc,,am Rand
1711,po teľaripe,adv phr mod,,ursprünglich
1712,pobeda,n f,,Sieg
1713,pobedil,v tr,,gewinnen
1714,pobedniko,n m,,Gewinner
1715,poćinipe,n m,,"1. Einkommen, Lohn 2. Schuld (Geld)"
1716,poćinol,v tr,,zahlen
1717,podela,n f,,Verteilung
1718,poďil e cipeľa,v phr tr,,Schuhe anziehen
1719,poďipe,n m,,Schuh
1720,podnosil,v tr,,sich etw. leisten
1721,podrignil,v itr,,rülpsen
1722,podrška,n f,,Unterstützung
1723,podrumo,n m,,Keller
1724,podupril,v tr,,unterstützen
1725,pogodil,v tr,,raten
1726,pogrešno,adj,,falsch
1727,pojaso,n m,,Gürtel
1728,poklono,n m,,Paket
1729,poklopco,n m,,Deckel
1730,pokušil,v tr,,versuchen
1731,pol,v tr,,trinken
1732,polica,n f,,Balken
1733,poloče,adj,,langsam
1734,poloče,adv mod,,langsam
1735,poloko,adv mod,,leise
1736,poľoprivredno,adj,,landwirtschaftlich
1737,položaj,n m,,Situation
1738,pomada,n f,,Creme
1739,pomoćno sredstvo,n phr m,,Mittel
1740,ponašavipe,n m,,Verhalten
1741,ponašil pe,v itr,,benehmen (sich)
1742,ponovil,v tr,,wiederholen
1743,ponuda,n f,,Angebot
1744,por,n m,,Darm
1745,poŕa,n pl,,Eingeweide
1746,pored,part,,"noch, dazu"
1747,porez,n m,,"Steuer, Abgabe, Gebühr"
1748,rača,adv temp,,"diese Nacht, nachts"
1749,racija,n f,,Razzia
1750,raćija,n f,,Schnaps
1751,raćija gugli,n phr f,,Likör
1752,računaľka,n f,,"Taschenrechner, Rechenmaschine"
1753,računo,n m,,Rechnung
1754,radije,adv mod,,ziemlich
1755,radio,n m,,Radio
1756,radňa,n f,,Tat
1757,radoznalo,adj,,neugierig
1758,raj,n m,,Herr
1759,raji,n f,,Dame
1760,raketa,n f,,Rakete
1761,rakhľori,n f,,Mädchen
1762,rakhloro,n m,,Bub
1763,rako,n m,,"Krebs, Krabbe"
1764,ramo,n m,,Bilderrahmen
1765,ramol,v tr,,1. schreiben 2. beschreiben 3. drucken 4. ankündigen
1766,ramoma,n,,Unterschrift
1767,ramope,n m,,Schreiben
1768,ramosarni,n f,,Bleistift
1769,ramosarol pe,v tr,,unterschreiben
1770,rana,n f,,Wunde
1771,randol,v itr,,saugen
1772,ranime,adj,,verletzt
1773,rašaj,n m,,Priester
1774,raspodelil,v tr,,aufteilen
1775,raspoložime,adj,,"verfügbar, vorhanden"
1776,rasprotil,v tr,,ausbreiten
1777,rastegnil pe,v itr,,sich strecken
1778,rat,n m,,Blut
1779,ŕat,n f,,"Nacht, Abend, Mitternacht"
1780,ratvalo,adj m,,blutig
1781,ratvarol,v itr,,bluten
1782,ravno,adv mod,,"aufrecht, gerade"
1783,ravno,adj,,"gerade, flach"
1784,razlogo,n m,,"1. Ursache 2. Grund, Begründung"
1785,razmazil,v tr,,verderben
1786,razmena,n f,,Tausch
1787,razno,adj m,,verschiedenartig
1788,ražňo,n m,,(Brat)Spieß
1789,ražo,n m,,Roggen
1790,razočaril,v tr,,enttäuschen
1791,razočaripa,n m,,Enttäuschung
1792,rečenica,n f,,Satz
1793,redo,n m,,Befehl
1794,redovno,adj,,regelmäßig
1795,reka,n f,,Fluss
1796,reklama,n f,,Reklame
1797,reno,n m,,Kren
1798,rešeňe,n m,,1. Entscheidung 2. Lösung
1799,rešil,v tr,,"1. lösen, auflösen 2. entscheiden"
1800,restorano,n m,,Restaurant
1801,retko,adv temp,,selten
1802,retko,adj,,selten
1803,rezanca,n f,,Nudel
1804,režimo,n m,,Regime
1805,rezultato,n m,,Ergebnis
1806,ribol,v tr,,"scheuern, reiben"
1807,ribolovco,n m,,Fischer
1808,rig,n f,,1. Seite 2. Ecke
1809,rlao,n m,,Furz
1810,robo,n,,"Sklave, Knecht"
1811,roda,n f,,Storch
1812,rodipe,n m,,1. Wahl 2. Forderung 3. Suche 4. Anspruch
1813,rodol,v tr,,"1. suchen 2. verlangen, erbitten, erfragen, erbetteln 3. reizen, erregen"
1814,rogo,n m,,"Horn (tier.), Geweih"
1815,roj,n f,,Löffel
1816,rom,n m,,1. Zigeuner 2. Ehemann (zig.)
1817,romani emisija,n phr f,,Romasendung
1818,romňi,n f,,1. Zigeunerin 2. Ehefrau (zig.)
1819,ronil,v itr,,tauchen (itr.)
1820,rosa,n f,,Tau
1821,rota,n f,,1. Kreis 2. Rad
1822,rovľi,n f,,"Gerte, Rute"
1823,rovo,n m,,Graben
1824,rovol,v itr,,heulen
1825,ručko,n m,,Mittagessen
1826,ruglo,n m,,Spott
1827,rukavica,n f,,Handschuh
1828,rumume,adj,,ranzig
1829,rumuno,n m,,Rumäne
1830,rupo,n m,,Silber
1831,rupunalo,adj m,,silbern
1832,ruso,n m,,Russe
1833,ruv,n m,,Wolf
1834,ruvica,n f,,Wölfin
1835,ruža,n f,,Rose
1836,s,prep,,mit
1837,sa,prep,,mit
1838,sa,pron indef,,alles
1839,sa,adj indef,,alle
1840,sa jekh,adv phr indef,,"sowieso, ohnehin, jedenfalls"
1841,sa jekh brš ,adv phr temp,,jährlich
1842,sabajle,adv temp,,frühmorgens
1843,sadašno,adj,,gegenwärtig
1844,sagnil,v itr,,sich biegen
1845,šaj,part mod,,können
1846,šaj te,conj,,ob
1847,šaj te al,adv phr mod,,vermutlich
1848,šajipe,n m,,Möglichkeit
1849,šakľil,v itr,,kitzeln
1850,sakovo,n m,,Rock (= Sakko)
1851,saksofono,n m,,Saxophon
1852,sala,n f,,"Halle, Raum"
1853,salaši,n m,,"Hof, Bauernhof, Gehöft"
1854,salata,n f,,Salat
1855,šalo,n m,,Schal
1856,samo,adv mod,,bloß
1857,saňarol,v tr,,schwächen
1858,šangarepa,n f,,Karotte
1859,šanko,n m,,"Schanktisch, Ladentisch"
1860,saňol,v itr,,träumen
1861,šantol,v itr,,hinken
1862,sao,pron rel,,"der, welcher (rel.)"
1863,sao,adj int,,welcher (interr.)
1864,saobraćaj,n m,,Vekehr
1865,sap,n m,,"Schlange, Otter"
1866,šapa,n f,,Klaue
1867,šapućil,v itr,,flüstern
1868,sapuja,n f,,Seife
1869,sar,prep,,"als, wie"
1870,sar,adv int,,wie
1871,sar godi,adv phr indef,,wie auch immer
1872,sarana,n f,,Begräbnis
1873,šareno,adj,,"farbig, bunt"
1874,šargarepa,n f,,Karotte
1875,sastarni biľka,n phr f,,Heilkraut
1876,sastarni čar,n phr f,,Kraut (Kräuter)
1877,sastarni phen,n phr f,,Krankenschwester
1878,sastarol,v itr,,"genesen, gesund werden"
1879,sastilo,adj m,,geheilt
1880,sastipe,n m,,Gesundheit
1881,sasto,adj m,,gesund
1882,sasto,adj m,,"vollständig, ganz, absolut"
1883,sastri,n m,,1. Eisen 2. Stahl 3. Kupfer 4. Zinn 5. Blei 6. Metall
1884,sastruno,adj m,,"kupfern, Kupfer-"
1885,sasvim,adv mod,,"ganz, völlig"
1886,satkajil,v tr,,weben
1887,sato,n m,,1. Stunde 2. Uhr
1888,šatori,n m,,Zelt
1889,saučešće,n m,,"Kondolenz, Beileid, Anteilnahme"
1890,saunica,n f,,Schlitten
1891,savato,n m,,Samstag
1892,saveto,n m,,1. Rat(schlag) 2. Rat (Gemeinderat)
1893,savijeme,adj,,gebogen
1894,savil,v tr,,biegen
1895,šax,n m,,"Kraut, Kohl"
1896,sazidol,v tr,,bauen
1897,sedlo,n m,,Sattel
1898,sejil,v tr,,"säen, pflanzen"
1899,seksualno trajo,n phr m,,Sexualleben
1900,sekunda,n f,,Sekunde
1901,šel,num card,,hundert
1902,šel drom,num phr mult,,hundertmal
1903,seľako,n m,,Bauer
1904,seme,n m,,Samen
1905,senfo,n m,,Senf
1906,senica,n f,,Meise
1907,senka,n f,,Schatten
1908,septembro,n m,,September
1909,šerand,n m,,"Kopfpolster, Polster"
1910,šerandoro,n m,,"Kopfpolster, Polster"
1911,šerpa,n f,,1. Topf 2. Kochtopf
1912,serumo,n m,,"Serum, Impfstoff"
1913,šerutno,n m,,1. Präsident 2. Vorsitzender 3. Eigentümer 4. Gastgeber
1914,šeširi,n m,,Hut
1915,šetope,n m,,Spaziergang
1916,sever,n m,,Norden
1917,severno,adj,,nördlich
1918,sevil,v itr,,es donnert
1919,si,v cop,,sein
1920,sićhol,v itr,,"lernen, studieren"
1921,sićope,n m,,Ausbildung
1922,siďarol,v itr,,eilen
1923,šifoňeri,n m,,"Kasten, Schrank"
1924,sigo,adv mod,,"schnell, dringend"
1925,sigo,adj,,schnell
1926,sigurno,adv mod,,"auf jeden Fall, sicherlich, sicher, gewiss"
1927,sigurno,adj,,"sicher, gewiss"
1928,sijol,v itr,,"erleuchten, scheinen (Sonne etc)"
1929,sikamni,n f,,1. Schule 2. Lehrerin
1930,sikamno,adj m,,gelehrt
1931,sikamno,n m,,1. Lehrer 2. Schüler
1932,sikavimasko naj,n phr m,,Zeigefinger
1933,sikavipe,n m,,Ausstellung
1934,sikavol,v tr,,"1. zeigen, zeigen (auf), hinweisen, andeuten 2. erklären 3. jmd. vorstellen 4. sich etw. vorstellen"
1935,sila,n f,,Kraft
1936,simbolo,n m,,Symbol
1937,šimijako,n m,,Maus
1938,šimijeski hu,n phr f,,Mauseloch
1939,sinija,n f,,"Tisch, Schreibtisch"
1940,šiprago,n m,,"Gebüsch, Gesträuch"
1941,sivo,adj,,grau
1942,sjajo,n m,,"1. Brand 2. Glanz 3. Schein, Leuchten"
1943,škoľka,n f,,Muschel
1944,skorašňo,adj,,kurz zurückliegend
1945,skovil,v tr,,schmieden
1946,skromno,adj,,bescheiden
1947,škrto,n m,,Gier
1948,šl,n m,,Kälte
1949,slabo,adj,,"dünn, schlank"
1950,slabol,v tr,,lindern
1951,sladoled,n m,,Speiseeis
1952,šlajeri,n m,,Schleier
1953,slanina,n f,,Speck
1954,šlato,num ord,,hundertste
1955,slavil,v itr,,feiern
1956,slavina,n f,,Ventil
1957,šlavni,n f,,Besen
1958,šlavol,v tr,,"bürsten, reinigen"
1959,sledil,v tr,,folgen
1960,slepco,adj,,blind
1961,slepočnica,n f,,Schläfe
1962,slezina,n f,,Milz
1963,slični,adv mod,,ähnlich
1964,slično,adj,,ähnlich
1965,slikol pe ,v itr,,sich porträtieren/malen lassen
1966,sloboda,n f,,Freiheit
1967,slobodno,adj,,frei
1968,šlogiril,v itr,,einen Schlaganfall haben
1969,slučaj,n m,,"Fall, Angelegenheit"
1970,slučajno,adv mod,,zufällig
1971,sluga,n m,,Diener
1972,sluškiňa,n f,,Dienstmädchen
1973,služil,v tr,,dienen
1974,šminka,n f,,Schminke
1975,smisao,n m,,Sinn
1976,smokva,n f,,Feige
1977,smola,n f,,Harz
1978,smrznome,adj,,gefroren
1979,šnajderi,n m,,Schneider
1980,šnajderka,n f,,Schneiderin
1981,šngalo,adj m,,gehörnt
1982,snimol,v tr,,befragen
1983,snopo,n m,,Bündel
1984,snuždil pe,v itr,,blau werden
1985,so,pron int,,was
1986,so godi,pron indef,,was auch immer
1987,soba,n f,,Zimmer
1988,socijalno,adj,,sozial
1989,sočivo,n m,,Linse
1990,šokco,n m,,Kroate
1991,šokica,n f,,Kroatin
1992,soko,n m,,Saft
1993,sokra,n f,,Schwiegermutter
1994,sokro,n m,,Schwiegervater
1995,sokro thaj sokra,n phr,,"Schwiegereltern (des Mannes), Schwiegereltern (der Frau)"
1996,sol,n m,,1. Schwur 2. Fluch
1997,šolo,n m,,"Seil, Strick"
1998,šoro,n m,,Kopf
1999,sortiril,v tr,,sortieren
2000,šošali,n f,,Hase (w.)
2001,sosko,adj int,,"was für, was für ein"
2002,soso,n m,,"Sauce, Soße"
2003,šošoj,n m,,Hase (m.)
2004,sostar,adv int,,warum
2005,sosten,n m,,Unterhose
2006,šov,num card,,sechs
2007,sova,n f,,Eule
2008,šovardeš,num card,,sechzig
2009,sovipe,n m,,Schlaf
2010,sovol,v itr,,schlafen
2011,šovto,num ord,,sechste
2012,soxa,n m,,Rock (Damenbekleidung)
2013,španaćo,n m,,Spinat
2014,spasipe,n m,,Rettung
2015,specijalno,adj,,bestimmte
2016,spidipe,n m,,Stoß
2017,spidol,v tr,,"1. stoßen, schieben, drängen 2. drücken 3. mahnen"
2018,spidol pe,v tr,,verspotten
2019,spisko,n m,,Liste
2020,spoľno,adj,,äußere
2021,sposobno,adj,,"fähig, im Stande"
2022,sposobnost,n m,,Fähigkeit
2023,spotaknil,v itr,,stolpern
2024,sprečil,v tr,,verhindern
2025,spremno,adj,,fertig
2026,spremno,adv mod,,fertig
2027,spremol,v tr,,"bereiten, vorbereiten"
2028,šrafcigeri,n m,,Schraubenzieher
2029,šrafo,n m,,Schraube
2030,Srbija,n f,,Serbien
2031,srna,n f,,Reh
2032,srndaćo,n m,,Rehbock
2033,srpo,n m,,Sichel
2034,stablo,n m,,Baumstamm
2035,staďi,n f,,"Kappe, Mütze"
2036,tabano,n m,,Fußsohle
2037,tačka,n f,,Punkt
2038,tačno,adj,,gewissenhaft
2039,tačno,adv mod,,"genau, sorgfältig"
2040,taksi,n m,,Taxi
2041,talaj,prep,,"unter, neben"
2042,talajŕat,adv temp,,"heute abend, abends"
2043,tambura,n f,,Gitarre
2044,taraba,n f,,Zaun
2045,tasavipe,n m,,"Ersticken, Erwürgen"
2046,tasavol,v tr,,erwürgen
2047,tasavol,v itr,,ersticken
2048,tatarol,v tr,,"heizen, erwärmen"
2049,tatipe,n m,,"1. Hitze, Wärme 2. Heizung"
2050,tato,adj m,,"warm, heiß"
2051,tatraďi,n m,,Mittwoch
2052,taxtaj,n m,,Glas (zum Trinken)
2053,taxtajoro,n m,,Glas (zum Trinken)
2054,te či,conj,,außer
2055,teatro,n m,,Theater
2056,tečej,n m,,Kurs
2057,tečno,adj,,flüssig
2058,tek,adv temp,,"gerade, eben"
2059,teksto,n m,,Text
2060,telal,adv loc,,unten
2061,teľaripe,n m,,"1. Anfang, Beginn 2. Bewegung, Versuch 3. Inhalt"
2062,teľarol,v tr,,anfangen
2063,tele,n m,,Kalb
2064,tele,adv loc,,"nach unten (hinunter), darunter"
2065,telefoniril,v itr,,telefonieren
2066,telefono,n m,,Telefon
2067,telegramo,n m,,Telegramm
2068,televizija,n f,,Fernsehen
2069,teluni drza,n phr f,,Unterwäsche
2070,teluni soxa,n phr f,,Unterrock
2071,tema,n f,,Thema
2072,temeľo,n m,,"Basis, Grund(stein), Fundament"
2073,temperatura,n f,,1. Fieber 2. Temperatur
2074,tenko,n m,,Panzer
2075,tepixo,n m,,1. Teppich 2. Boden
2076,ternipe,n m,,Jugend
2077,terno,adj m,,jung
2078,terno džućhel,n phr m,,kleiner/junger Hund
2079,tesači,n m,,Zimmermann
2080,tesno,adj,,straff
2081,testera,n f,,Säge
2082,thaj,conj,,und
2083,than,n m,,"Ort, Platz, Standort"
2084,thav,n m,,"Zwirn, Faden"
2085,thejara,adv temp,,morgen
2086,thejaresko,adj m,,morgig
2087,them,n m,,1. Welt 2. Nation 3. Volk
2088,themesko,adj m,,national
2089,thol,v tr,,"1. setzen, stellen, legen, platzieren 2. gießen 3. hinzufügen 4. laden, beladen 5. anstecken 6. waschen"
2090,thol ando paj,v phr tr,,"tauchen (tr.), etw. eintauchen"
2091,thol e drze,v phr tr,,packen
2092,thol jag,v phr tr,,anzünden
2093,thol jekh pe avreste,v phr tr,,einpacken
2094,thol muj,v phr itr,,"schreien, kreischen, brüllen"
2095,thol o kvasco,v phr tr,,ansäuern (Teig)
2096,thol okojaring,v phr tr,,verschieben
2097,thol pe,v itr,,sich baden
2098,thud,n m,,Milch
2099,thulo,adj m,,fett
2100,tigaja,n f,,"Pfanne, Bratpfanne"
2101,tigaňo,n m,,"Pfanne, Bratpfanne"
2102,tigro,n m,,Tiger
2103,tijari,n m,,Teller
2104,tiňol,v itr,,"glühen, glimmen, schwelen"
2105,tobožno,adj m,,angeblich
2106,tocilo,n m,,Wetzstein
2107,tomna,n m,,Herbst
2108,totica,n f,,Slovakin
2109,tover,n m,,Axt
2110,tradicionalno,adj,,traditionell
2111,tradol,v tr,,"1. fahren, treiben (Vieh) 2. tragen"
2112,tradol e bičova,v tr,,peitschen
2113,trajil,v itr,,"leben, wohnen, überleben, erleben, dauern"
2114,trajo,n m,,1. Leben 2. Dauer 3. Jahrhundert
2115,trajzno,adj,,nüchtern
2116,traktori,n m,,Traktor
2117,trasta,n f,,"Koffer, Tasche"
2118,trešňa,n f,,Kirsche
2119,trešňako kaš,n phr f,,Kirschenbaum
2120,trgovina,n f,,Handel
2121,trgujil,v tr,,"tauschen, handeln"
2122,trijanda,num card,,dreißig
2123,trijanda drom,num phr mult,,dreißigmal
2124,trijandako,num card,,dreißigste
2125,trin,num card,,drei
2126,trito,num ord,,dritte
2127,trivar,num mult,,dreimal
2128,trombono,n m,,Posaune
2129,trošil,v tr,,ausgeben
2130,troško,n m,,"Kostenaufwand, Ausgabe, Aufwand"
2131,trpezarija,n f,,Esszimmer
2132,trpil,v itr,,leiden
2133,trska,n f,,"Ried, Binse"
2134,truba,n f,,Trompete
2135,trubul,part mod,,"müssen, brauchen, es ist notwendig, soll"
2136,trubul,v tr,,"fordern, brauchen"
2137,trujal,adv loc,,herum
2138,trunil,v itr,,verfaulen
2139,trupo,n m,,Körper
2140,trušalo,adj m,,durstig
2141,trušipe,n m,,Durst
2142,trušul,n m,,1. Kreuz 2. Gebet
2143,tu,pron pers 2 sg,,du
2144,tučano,adj m,,ehern
2145,tuďo,adj,,ausländisch
2146,tumaro,pron poss 2 sg m,,euer
2147,tumen,pron pers 2 pl,,ihr (pron.pers.2.pl.)
2148,tuňariko,n m,,Dunkelheit
2149,tuňariko,adj,,dunkel
2150,turčino,n m,,Türke
2151,turpija,n f,,Feile
2152,tušo,n m,,Dusche
2153,tutuno,n m,,Tabak
2154,u stvari,adv phr mod,,tatsächlich
2155,ublažil,v tr,,erleichtern
2156,učharol,v tr,,bedecken
2157,učo,n m,,"1. Höhe 2. Stufe, Grad"
2158,udovica,n f,,Witwe
2159,uglavnom,adv mod,,vor allem
2160,ugovoro,n m,,Einigung
2161,ujo,n m,,Onkel (mütterlicherseits)
2162,ukrutil,v tr,,"steif machen, versteifen"
2163,ukrutil pe,v itr,,steif werden
2164,ukuso,n m,,Geschmack
2165,ulica,n f,,Straße
2166,uloga,n f,,"Funktion, Rolle"
2167,umesto,adv mod,,stattdessen
2168,umetnost,n f,,Kunst
2169,ungriko,n m,,Ungar
2170,unuka,n f,,Enkelin
2171,unuko,n m,,Enkel
2172,uopšte,adv mod,,im allgemeinen
2173,uostalom,adv mod,,übrigens
2174,uporedil,v tr,,vergleichen
2175,upotrebil,v tr,,gebrauchen
2176,upropastil,v tr,,vernichten
2177,uskoro,adv temp,,bald
2178,uspešno,adj,,erfolgreich
2179,uspexo,n m,,Erfolg
2180,ustaša,n f,,Ustascha
2181,uštavol,v tr,,"treten, auftreten"
2182,uštol,v itr,,aufstehen
2183,ustrelil,v tr,,schießen
2184,uticajo,n m,,Einfluss
2185,utisko,n m,,Eindruck
2186,uvek,adv indef,,"ständig, für immer, andauernd, immer, fortgesetzt"
2187,uvredil,v tr,,jmd. kränken
2188,uzaludno,adv mod,,"umsonst, vergeblich"
2189,uzano,adj m,,eng
2190,uzbudil,v itr,,"zürnen, zornig sein"
2191,uzbudil,v tr,,"aufregen, erzürnen"
2192,uzdaxnil,v itr,,seufzen
2193,uzdo,n m,,Zügel
2194,uznemiril pe,v tr,,stören
2195,va,n m,,"Hand, Arm"
2196,vaćarol,v itr,,"schimpfen, fluchen"
2197,vaćarol,v tr,,verleumden
2198,vagnil,v tr,,wiegen
2199,vagono,n m,,Waggon
2200,vaľko,n m,,Rolle
2201,vaŕača,n f,,Kochlöffel
2202,varekaj,adv indef,,"irgendwo, irgendwohin"
2203,varekako,adv indef,,irgendwie
2204,varekana,adv indef,,"manchmal, hin und wieder, jemals"
2205,varekana,adv temp,,"früher, vorher"
2206,vareso,pron indef,,etwas
2207,vaspitil,v tr,,"erziehen, ausbilden"
2208,vast,n m,,Griff
2209,vasteski,n f,,Armband
2210,vastesko,adj m,,händisch
2211,vastesko,n m,,Ärmel
2212,vastesko kokalo,n phr m,,Handgelenk
2213,vasuŕa,n pl,,Geschirr
2214,vasuri,n m,,"Schale, Schüssel, Teller"
2215,vazdol,v tr,,"heben, aufheben"
2216,vazdol pe,v itr,,"steigen, ansteigen"
2217,vazduxo,n m,,Luft
2218,več,adv temp,,schon
2219,večera,n f,,Abendessen
2220,večno,adj,,ewig
2221,veličina,n f,,"1. Größe 2. Größe (Maß), Ausmaß"
2222,vena,n f,,Ader
2223,venčanica,n f,,1. Hochzeitsurkunde 2. Hochzeitskleid
2224,venčil,v itr,,heiraten
2225,venco,n m,,Kranz
2226,vepro,n m,,"Schwein, Eber"
2227,vera,n f,,Religion
2228,veranda,n f,,Veranda
2229,verovatno,adj,,wahrscheinlich
2230,verovatno,adv mod,,wahrscheinlich
2231,verovatnoća,n f,,Wahrscheinlichkeit
2232,veslo,n m,,Ruder
2233,veštica,n f,,Hexe
2234,veverica,n f,,Eichhörnchen
2235,veza,n f,,Verbindung
2236,vežbaňe,n m,,Übung
2237,vežbol,v tr,,üben
2238,vezo,n m,,Broschenbild
2239,vi maj but ,adv phr mod,,noch mehr
2240,vila,n f,,Mistgabel
2241,vinogrado,n m,,Weinberg
2242,visibaba,n f,,Schneeglöckchen
2243,visil,v itr,,hängen
2244,vlada,n f,,Regierung
2245,vladil,v tr,,herrschen
2246,vo,pron pers 3 sg m,,er
2247,voće,n m,,Frucht
2248,voďa,n m,,"Führer, Anführer"
2249,voj,pron pers 3 sg f,,sie (3.sg.)
2250,vojniko,n m,,Soldat
2251,vojno manuš,n phr m,,Soldat
2252,vojska,n f,,Armee
2253,voľa,n f,,"Wille, Testament"
2254,volil,v tr,,zufrieden stellen
2255,von,pron pers 3 pl,,sie (3.pl.)
2256,vordon,n m,,Kutsche
2257,vordon e phakenca,n phr m,,"Kalesche, Kutsche"
2258,vorta,adv mod,,korrekt
2259,vorta,adj,,ordentlich
2260,voš,n m,,Wald
2261,vošesko,adj m,,wild
2262,vošesko balo,n phr m,,Wildschwein
2263,vosko,n m,,Wachs
2264,voštano,adj,,wächsern
2265,vošuno balo,n phr m,,Wildschwein
2266,vozači,n m,,Fahrer
2267,vozo,n m,,"Zug, Eisenbahn"
2268,vrabco,n m,,Spatz
2269,vŕama,n f,,"1. Zeit 2. Alter 3. Zeitraum, Frist 4. Wetter"
2270,vŕamako,adj m,,jährlich
2271,vrana,n f,,Krähe
2272,vrasidino,adj,,gekocht
2273,vrba,n f,,Weide (Baum)
2274,vrednol,v itr,,wert sein
2275,vrsta,n f,,"Gattung, Art"
2276,vrtići,n m,,Kindergarten
2277,vrxo,n m,,Spitze
2278,vudar,n m,,1. Tür 2. (Tür)Schloss
2279,vulisarol e sarma,v phr tr,,"Wein-/Krautblätter wickeln/einwickeln, gefüllte Wein-/Krautblätter machen"
2280,vuna,n f,,Wolle
2281,vunato,adj,,1. blau 2. blond
2282,vunato patlidžano,n phr m,,Aubergine
2283,vunďa,n f,,Fingernagel
2284,vuneno,adj,,aus Wolle
2285,vuš,n m,,Mund
2286,vušta,n f,,Lippe
2287,xabe,n m,,"Essen, Gericht (Essen), Nahrung, Ernährung"
2288,xaćaripe,n m,,Erfahrung
2289,xačarno,adj m,,vernünftig
2290,xaćarol,v tr,,"verstehen, begreifen, fühlen"
2291,xajing,n m,,Quelle
2292,xajing,n m,,Brunnen
2293,xal,v tr,,essen
2294,xal pe,v itr,,streiten
2295,xamil,v tr,,"1. kneten (Teig, usw.) 2. weich machen"
2296,xamil pe,v itr,,weich werden
2297,xamisti,n f,,Kochlöffel
2298,xamisto,n m,,Mischung
2299,xanadi,n f,,1. Haue 2. Schaufel
2300,xanavol,v tr,,kämmen
2301,xanavol,v tr,,begraben
2302,xandžurdol,v itr,,jucken
2303,xandžurdol pe,v itr,,kratzen
2304,xape,n m,,Streit
2305,xaravľi,n f,,Gürtel
2306,xaravol,v tr,,stürzen
2307,xarno,n m,,Kürze
2308,xarno kaputo,n phr m,,Jacke
2309,xasal,v itr,,husten
2310,xasardo,adj m,,verloren
2311,xasardol,v tr,,etw. verlieren
2312,xasardol,v itr,,"verloren gehen, sich verirren"
2313,xasaripe,n m,,Verlust
2314,xasarol,v tr,,verlieren
2315,xićol,v tr,,ermorden
2316,xmeľo,n m,,Hopfen
2317,xndipe,n m,,"Scheiße, Scheißen"
2318,xndol,v itr,,scheißen
2319,xoľariko,adj,,zornig
2320,xoľavol,v itr,,zornig werden
2321,xoľavol,v tr,,beleidigen
2322,xoli,n f,,Trotz
2323,xoxamno,adj m,,falsche
2324,xoxamno,n m,,Lügner
2325,xoxavipe,n m,,1. Scherz 2. Betrug 3. Lüge
2326,xoxavol,v itr,,"lügen, betrügen, täuschen, sich lustig machen"
2327,xrast,n m,,Eiche
2328,xu,n f,,Lücke
2329,xumer,n m,,Teig
2330,xurdo,adj,,winzig
2331,xutipe,n m,,Sprung
2332,xutol,v itr,,"hüpfen, springen"
2333,xuv,n f,,Loch
2334,xuvol,v tr,,nähen
2335,zabava,n f,,Spaß
2336,zabrinol pe,v itr,,sich sorgen
2337,zabrinome,adj,,"beunruhigt, besorgt"
2338,začinil o xabe,v tr,,würzen
2339,zadatko,n m,,Aufgabe
2340,zadruga,n f,,Genossenschaft
2341,zagrlil,v tr,,umarmen
2342,zainteresovano,adj,,interessiert
2343,zajebavil pe,v itr,,scherzen
2344,zajebavil pe,v itr,,"narren, spaßen"
2345,zaklopco,n m,,Deckel
2346,žalba,n f,,Beschwerde
2347,zalemil,v tr,,löten
2348,žalil,v tr,,bedauern
2349,žalil pe,v itr,,sich beklagen
2350,zalogajo,n m,,"Bissen, Mundvoll"
2351,zaľubil pe,v itr,,sich verlieben
2352,zamalo,adv mod,,beinahe
2353,žambuka,n f,,1. Frosch 2. Kröte
2354,žambuka krastenca,n phr f,,Kröte
2355,zamenil,v tr,,ersetzen
2356,zamko,n m,,Schloss
2357,zanimľivo,adj,,interessant
2358,zao,adj,,gierig
2359,žaoka,n f,,Stachel
2360,zapadno,adj,,westlich
2361,zapado,n m,,Westen
2362,zapovedil,v tr,,"bestellen, befehlen"
2363,zapretil,v tr,,bedrohen
2364,zar,n f,,Haar
2365,zaŕa,n pl,,Rotz
2366,žaro,n m,,"Schein, Leuchten"
2367,zavisi,n,,Neid
2368,zavisil,v tr,,abhängen von
2369,zavisno,adj,,abhängig
2370,zavoj,n m,,Verband
2371,zaxvalno,adj,,dankbar
2372,zbog,prep,,wegen
2373,žbuňe,n m,,"Gebüsch, Strauch, Busch"
2374,zbunil,v tr,,verwirren
2375,zebra,n f,,Zebra
2376,zeja,n f,,Rücken
2377,zeleno,n m,,Grünzeug
2378,železnica,n m,,"Eisenbahn, Geleise"
2379,železnička pruga,n phr f,,Eisenbahn
2380,želuco,n f,,Magen
2381,zemľoradniko,n m,,"Landwirt, Ackerbauer, Bauer"
2382,zenica,n f,,Pupille
2383,žeravica,n f,,Glut
2384,zetino,n m,,Öl
2385,zeveľ,n f,,Grammeln
2386,zevesa,n f,,Vorhang
2387,zevil,v itr,,gähnen
2388,zgodno,adj,,hübsch
2389,zgrada,n f,,Gebäude
2390,zgusnil,v itr,,dick werden
2391,žica,n f,,1. Draht 2. Saite
2392,zidari,n m,,Maurer
2393,zidarka,n f,,Maurerin
2394,zido,n m,,"Mauer, Wand"
2395,židojka,n f,,Jüdin
2396,židovo,n m,,Jude
2397,židovo,adj,,jüdisch
2398,žirafa,n f,,Giraffe
2399,žito,n m,,Korn
2400,živčano,adj,,nervös
2401,živco,n m,,Nerv
2402,životiňa,n f,,Tier
2403,zločino,n m,,Verbrechen
2404,zloupotreba,n f,,Beschimpfung
2405,zmajo,n m,,Flugdrachen
2406,značeňe,n m,,Bedeutung
2407,značil,v itr,,bedeuten
2408,znako,n m,,Zeichen
2409,znojil pe,v itr,,schwitzen
2410,znojo,n m,,Schweiß
2411,zobo,n m,,Hafer
2412,žoj,n m,,Donnerstag
2413,zoľa,n f,,1. Biene 2. Wespe
2414,zor,n f,,1. Macht 2. Stärke 3. Mut
2415,zova,n f,,Holunder
2416,zubari,n m,,Zahnarzt
2417,zubarka,n f,,Zahnärztin
2418,žuč,n f,,Galle
2419,žumance,n m,,Eigelb
2420,zuralo,adj m,,"stark, mächtig, hart, fest, gewaltig, tapfer"
2421,zuŕarol,v tr,,"verstärken, sichern, festlegen"
2422,žurnalisto,n m,,Journalist
2423,žutipe,n m,,Hilfe
2424,žvaćil,v tr,,kauen
2425,zvanično,adj,,offiziell
2426,zviždil,v itr,,pfeifen
2427,zvonil,v itr,,läuten
2428,zvono,n m,,Glocke
2429,zvučil,v itr,,Klang

